booklist_id,work_id,old_author_id,new_author_id
A1,work_1139,person_352,person_3841
A16,work_3829,person_1517,person_3883
A16,work_6773,person_2973,person_3922
A16,work_6778,person_2973,person_3922
A16,work_4155,person_1634,person_3886
A16,work_4135,person_1634,person_3886
A16,work_4823,person_1947,person_3894
A16,work_1145,person_352,person_3841
A16,work_3844,person_1517,person_3883
A16,work_1604,person_447,person_3848
A16,work_1127,person_352,person_3841
A16,work_1604,person_447,person_3848
A16,work_1157,person_352,person_3841
A16,work_1164,person_352,person_3841
A16,work_1166,person_352,person_3841
A16,work_1135,person_352,person_3841
A16,work_1139,person_352,person_3841
A16,work_2692,person_1045,person_3869
A16,work_1428,person_425,person_3846
A16,work_1603,person_447,person_3848
A16,work_3546,person_1423,person_3881
A16,work_99,person_58,person_3823
A16,work_1150,person_352,person_3841
A16,work_6781,person_2973,person_3922
A16,work_3858,person_1517,person_3883
A16,work_1977,person_615,person_3855
A16,work_1148,person_352,person_3841
A16,work_3828,person_1517,person_3883
A16,work_1157,person_352,person_3841
A16,work_3829,person_1517,person_3883
A16,work_1977,person_615,person_3855
A16,work_3928,person_1537,person_3885
A16,work_1428,person_425,person_3846
A16,work_3930,person_1537,person_3885
A16,work_1977,person_615,person_3855
A16,work_6989,person_3061,person_3924
A16,work_5286,person_2248,person_3900
A17,work_1128,person_352,person_3841
A17,work_3823,person_1517,person_3883
A20,work_1166,person_352,person_3841
A20,work_5286,person_2248,person_3900
A20,work_4155,person_1634,person_3886
A20,work_3828,person_1517,person_3883
A20,work_1604,person_447,person_3848
A20,work_1150,person_352,person_3841
A20,work_1603,person_447,person_3848
A20,work_7041,person_3093,person_3925
A20,work_1153,person_352,person_3841
A20,work_487,person_192,person_3832
A20,work_1153,person_352,person_3841
A20,work_1134,person_352,person_3841
A20,work_1146,person_352,person_3841
A20,work_1150,person_352,person_3841
A20,work_1154,person_352,person_3841
A20,work_1157,person_352,person_3841
A20,work_1134,person_352,person_3841
A20,work_1135,person_352,person_3841
A20,work_1139,person_352,person_3841
A20,work_1150,person_352,person_3841
A20,work_1152,person_352,person_3841
A20,work_1153,person_352,person_3841
A20,work_1153,person_352,person_3841
A20,work_1166,person_352,person_3841
A20,work_1188,person_352,person_3841
A20,work_1190,person_352,person_3841
A20,work_1163,person_352,person_3841
A20,work_1134,person_352,person_3841
A20,work_1150,person_352,person_3841
A20,work_1153,person_352,person_3841
A20,work_1154,person_352,person_3841
A20,work_1166,person_352,person_3841
A20,work_1153,person_352,person_3841
A20,work_1153,person_352,person_3841
A20,work_1153,person_352,person_3841
A20,work_1134,person_352,person_3841
A20,work_1135,person_352,person_3841
A20,work_1150,person_352,person_3841
A20,work_1153,person_352,person_3841
A20,work_1159,person_352,person_3841
A20,work_1166,person_352,person_3841
A20,work_1190,person_352,person_3841
A20,work_1596,person_447,person_3848
A20,work_1600,person_447,person_3848
A20,work_1603,person_447,person_3848
A20,work_1604,person_447,person_3848
A20,work_1150,person_352,person_3841
A20,work_1150,person_352,person_3841
A20,work_1150,person_352,person_3841
A20,work_1150,person_352,person_3841
A20,work_1150,person_352,person_3841
A20,work_1150,person_352,person_3841
A20,work_1150,person_352,person_3841
A20,work_1135,person_352,person_3841
A20,work_1135,person_352,person_3841
A20,work_1135,person_352,person_3841
A20,work_1135,person_352,person_3841
A20,work_1135,person_352,person_3841
A20,work_1166,person_352,person_3841
A20,work_1166,person_352,person_3841
A20,work_1166,person_352,person_3841
A20,work_1166,person_352,person_3841
A20,work_1166,person_352,person_3841
A20,work_1190,person_352,person_3841
A20,work_1190,person_352,person_3841
A20,work_1190,person_352,person_3841
A20,work_1190,person_352,person_3841
A20,work_1190,person_352,person_3841
A20,work_497,person_192,person_3832
A20,work_3839,person_1517,person_3883
A20,work_3839,person_1517,person_3883
A20,work_3839,person_1517,person_3883
A20,work_3839,person_1517,person_3883
A20,work_3839,person_1517,person_3883
A20,work_3846,person_1517,person_3883
A20,work_3846,person_1517,person_3883
A20,work_3846,person_1517,person_3883
A20,work_3846,person_1517,person_3883
A20,work_3828,person_1517,person_3883
A20,work_5258,person_2228,person_3898
A20,work_1150,person_352,person_3841
A20,work_3846,person_1517,person_3883
A20,work_7038,person_3093,person_3925
A20,work_7040,person_3093,person_3925
A20,work_1152,person_352,person_3841
A20,work_1604,person_447,person_3848
A20,work_1149,person_352,person_3841
A20,work_3839,person_1517,person_3883
A20,work_1598,person_447,person_3848
A20,work_1428,person_425,person_3846
A20,work_1603,person_447,person_3848
A20,work_1604,person_447,person_3848
A20,work_3361,person_1368,person_3877
A20,work_3846,person_1517,person_3883
A20,work_4197,person_1652,person_3887
A20,work_808,person_319,person_3838
A20,work_811,person_319,person_3838
A20,work_1150,person_352,person_3841
A20,work_4197,person_1652,person_3887
A20,work_7038,person_3093,person_3925
A20,work_7040,person_3093,person_3925
A20,work_1135,person_352,person_3841
A20,work_1150,person_352,person_3841
A20,work_1166,person_352,person_3841
A20,work_1190,person_352,person_3841
A20,work_1600,person_447,person_3848
A20,work_1603,person_447,person_3848
A20,work_1769,person_511,person_3852
A20,work_1772,person_511,person_3852
A20,work_1774,person_511,person_3852
A20,work_1600,person_447,person_3848
A20,work_1600,person_447,person_3848
A20,work_1603,person_447,person_3848
A20,work_1603,person_447,person_3848
A20,work_1603,person_447,person_3848
A20,work_1603,person_447,person_3848
A20,work_1603,person_447,person_3848
A20,work_1603,person_447,person_3848
A20,work_1604,person_447,person_3848
A20,work_1604,person_447,person_3848
A20,work_1596,person_447,person_3848
A20,work_1134,person_352,person_3841
A20,work_1150,person_352,person_3841
A20,work_1153,person_352,person_3841
A20,work_1596,person_447,person_3848
A20,work_1600,person_447,person_3848
A20,work_1603,person_447,person_3848
A20,work_1603,person_447,person_3848
A20,work_3544,person_1423,person_3881
A20,work_1492,person_426,person_3847
A20,work_3545,person_1423,person_3881
A20,work_4155,person_1634,person_3886
A20,work_4143,person_1634,person_3886
A20,work_4144,person_1634,person_3886
A20,work_4155,person_1634,person_3886
A20,work_1600,person_447,person_3848
A20,work_1603,person_447,person_3848
A20,work_1604,person_447,person_3848
A20,work_5835,person_2544,person_3906
A20,work_4135,person_1634,person_3886
A20,work_1428,person_425,person_3846
A20,work_1604,person_447,person_3848
A20,work_7038,person_3093,person_3925
A20,work_7039,person_3093,person_3925
A20,work_7041,person_3093,person_3925
A20,work_7038,person_3093,person_3925
A20,work_7040,person_3093,person_3925
A20,work_7038,person_3093,person_3925
A20,work_7040,person_3093,person_3925
A20,work_7038,person_3093,person_3925
A20,work_7040,person_3093,person_3925
A20,work_7038,person_3093,person_3925
A20,work_7040,person_3093,person_3925
A20,work_7041,person_3093,person_3925
A20,work_7040,person_3093,person_3925
A20,work_7042,person_3093,person_3925
A20,work_7039,person_3093,person_3925
A20,work_7042,person_3093,person_3925
A20,work_1603,person_447,person_3848
A20,work_1135,person_352,person_3841
A20,work_1166,person_352,person_3841
A20,work_1190,person_352,person_3841
A20,work_1774,person_511,person_3852
A20,work_1135,person_352,person_3841
A20,work_1166,person_352,person_3841
A20,work_1190,person_352,person_3841
A20,work_1774,person_511,person_3852
A20,work_5258,person_2228,person_3898
A20,work_1150,person_352,person_3841
A20,work_7038,person_3093,person_3925
A20,work_7040,person_3093,person_3925
A20,work_1604,person_447,person_3848
A20,work_1603,person_447,person_3848
A20,work_2158,person_715,person_3859
A20,work_3545,person_1423,person_3881
A20,work_3839,person_1517,person_3883
A20,work_7038,person_3093,person_3925
A20,work_7039,person_3093,person_3925
A20,work_7040,person_3093,person_3925
A20,work_1428,person_425,person_3846
A20,work_1428,person_425,person_3846
A20,work_1603,person_447,person_3848
A20,work_5465,person_2364,person_3901
A20,work_5465,person_2364,person_3901
A20,work_5465,person_2364,person_3901
A20,work_6774,person_2973,person_3922
A20,work_6773,person_2973,person_3922
A20,work_7042,person_3093,person_3925
A20,work_2088,person_686,person_3857
A20,work_2678,person_1041,person_3868
A20,work_2679,person_1041,person_3868
A20,work_4197,person_1652,person_3887
A20,work_4197,person_1652,person_3887
A20,work_3855,person_1517,person_3883
A20,work_7041,person_3093,person_3925
A20,work_815,person_319,person_3838
A20,work_4155,person_1634,person_3886
A20,work_1150,person_352,person_3841
A20,work_3545,person_1423,person_3881
A20,work_3846,person_1517,person_3883
A20,work_7041,person_3093,person_3925
A20,work_1150,person_352,person_3841
A20,work_1150,person_352,person_3841
A20,work_815,person_319,person_3838
A20,work_3846,person_1517,person_3883
A20,work_7042,person_3093,person_3925
A20,work_1604,person_447,person_3848
A20,work_3839,person_1517,person_3883
A20,work_3839,person_1517,person_3883
A20,work_5258,person_2228,person_3898
A20,work_3546,person_1423,person_3881
A20,work_1153,person_352,person_3841
A20,work_5835,person_2544,person_3906
A20,work_1603,person_447,person_3848
A20,work_1604,person_447,person_3848
A20,work_3855,person_1517,person_3883
A20,work_1159,person_352,person_3841
A20,work_3545,person_1423,person_3881
A20,work_3545,person_1423,person_3881
A20,work_3545,person_1423,person_3881
A20,work_3545,person_1423,person_3881
A20,work_1428,person_425,person_3846
A20,work_1596,person_447,person_3848
A20,work_1600,person_447,person_3848
A20,work_1603,person_447,person_3848
A20,work_1773,person_511,person_3852
A20,work_7042,person_3093,person_3925
A20,work_7042,person_3093,person_3925
A20,work_3828,person_1517,person_3883
A20,work_3839,person_1517,person_3883
A20,work_632,person_241,person_3836
A20,work_1134,person_352,person_3841
A20,work_1135,person_352,person_3841
A20,work_1150,person_352,person_3841
A20,work_1166,person_352,person_3841
A20,work_1190,person_352,person_3841
A20,work_1603,person_447,person_3848
A20,work_1604,person_447,person_3848
A20,work_1610,person_447,person_3848
A20,work_5596,person_2430,person_3904
A20,work_1977,person_615,person_3855
A20,work_1150,person_352,person_3841
A20,work_1723,person_505,person_3851
A20,work_1977,person_615,person_3855
A20,work_1977,person_615,person_3855
A20,work_818,person_319,person_3838
A20,work_7470,person_3340,person_3932
A20,work_7039,person_3093,person_3925
A20,work_7042,person_3093,person_3925
A20,work_6321,person_2779,person_3917
A20,work_820,person_319,person_3838
A20,work_3353,person_1368,person_3877
A20,work_6905,person_3008,person_3923
A20,work_817,person_319,person_3838
A20,work_817,person_319,person_3838
A20,work_3359,person_1368,person_3877
A20,work_1153,person_352,person_3841
A20,work_4155,person_1634,person_3886
A20,work_3839,person_1517,person_3883
A20,work_818,person_319,person_3838
A20,work_1977,person_615,person_3855
A20,work_1723,person_505,person_3851
A34,work_6771,person_2973,person_3922
A34,work_6772,person_2973,person_3922
A36,work_1596,person_447,person_3848
A36,work_1603,person_447,person_3848
A36,work_1610,person_447,person_3848
A36,work_1188,person_352,person_3841
A36,work_5835,person_2544,person_3906
A36,work_4824,person_1947,person_3894
A36,work_1166,person_352,person_3841
A36,work_5286,person_2248,person_3900
A38,work_6338,person_2794,person_3918
A38,work_6338,person_2794,person_3918
A38,work_6339,person_2794,person_3918
A38,work_7039,person_3093,person_3925
A38,work_7040,person_3093,person_3925
A38,work_1977,person_615,person_3855
A38,work_2088,person_686,person_3857
A4,work_3545,person_1423,person_3881
A4,work_1977,person_615,person_3855
B10,work_3844,person_1517,person_3883
B100,work_1603,person_447,person_3848
B100,work_4197,person_1652,person_3887
B105,work_4155,person_1634,person_3886
B109,work_4819,person_1947,person_3894
B109,work_3583,person_1438,person_3882
B109,work_5515,person_2390,person_3902
B11,work_1487,person_426,person_3847
B11,work_3546,person_1423,person_3881
B113,work_7730,person_3482,person_3939
B116,work_4155,person_1634,person_3886
B117,work_6108,person_2669,person_3912
B120,work_1150,person_352,person_3841
B120,work_1157,person_352,person_3841
B120,work_1134,person_352,person_3841
B120,work_1150,person_352,person_3841
B120,work_1166,person_352,person_3841
B120,work_1139,person_352,person_3841
B120,work_1149,person_352,person_3841
B120,work_1157,person_352,person_3841
B120,work_2152,person_714,person_3858
B120,work_1152,person_352,person_3841
B120,work_1153,person_352,person_3841
B120,work_3853,person_1517,person_3883
B120,work_1131,person_352,person_3841
B120,work_1144,person_352,person_3841
B120,work_1134,person_352,person_3841
B120,work_1150,person_352,person_3841
B120,work_1185,person_352,person_3841
B120,work_1170,person_352,person_3841
B120,work_3823,person_1517,person_3883
B120,work_3839,person_1517,person_3883
B120,work_3861,person_1517,person_3883
B120,work_3861,person_1517,person_3883
B120,work_3832,person_1517,person_3883
B120,work_3834,person_1517,person_3883
B120,work_3828,person_1517,person_3883
B120,work_3839,person_1517,person_3883
B120,work_3843,person_1517,person_3883
B120,work_3892,person_1522,person_3884
B120,work_632,person_241,person_3836
B120,work_3855,person_1517,person_3883
B120,work_3855,person_1517,person_3883
B120,work_485,person_192,person_3832
B120,work_495,person_192,person_3832
B120,work_487,person_192,person_3832
B120,work_487,person_192,person_3832
B120,work_5596,person_2430,person_3904
B120,work_5595,person_2430,person_3904
B120,work_4155,person_1634,person_3886
B120,work_1603,person_447,person_3848
B120,work_1604,person_447,person_3848
B120,work_1610,person_447,person_3848
B120,work_1604,person_447,person_3848
B120,work_625,person_241,person_3836
B120,work_632,person_241,person_3836
B120,work_3546,person_1423,person_3881
B120,work_7478,person_3340,person_3932
B120,work_4822,person_1947,person_3894
B120,work_4825,person_1947,person_3894
B120,work_4824,person_1947,person_3894
B120,work_3861,person_1517,person_3883
B120,work_3861,person_1517,person_3883
B120,work_3823,person_1517,person_3883
B120,work_4155,person_1634,person_3886
B120,work_3828,person_1517,person_3883
B120,work_7639,person_3433,person_3937
B120,work_1622,person_451,person_3849
B13,work_1477,person_426,person_3847
B13,work_3828,person_1517,person_3883
B13,work_4824,person_1947,person_3894
B13,work_2152,person_714,person_3858
B13,work_4147,person_1634,person_3886
B13,work_1163,person_352,person_3841
B13,work_1139,person_352,person_3841
B13,work_1157,person_352,person_3841
B13,work_2677,person_1041,person_3868
B13,work_6499,person_2879,person_3921
B13,work_6338,person_2794,person_3918
B13,work_7730,person_3482,person_3939
B13,work_1977,person_615,person_3855
B13,work_3858,person_1517,person_3883
B13,work_1163,person_352,person_3841
B13,work_3828,person_1517,person_3883
B13,work_3828,person_1517,person_3883
B13,work_1977,person_615,person_3855
B14,work_3858,person_1517,person_3883
B19,work_6338,person_2794,person_3918
B21,work_1603,person_447,person_3848
B21,work_1773,person_511,person_3852
B24,work_495,person_192,person_3832
B24,work_3828,person_1517,person_3883
B24,work_4155,person_1634,person_3886
B24,work_2677,person_1041,person_3868
B24,work_2152,person_714,person_3858
B31,work_714,person_299,person_3837
B37,work_3858,person_1517,person_3883
B37,work_1977,person_615,person_3855
B37,work_6338,person_2794,person_3918
B37,work_3827,person_1517,person_3883
B39,work_1150,person_352,person_3841
B39,work_1139,person_352,person_3841
B39,work_1139,person_352,person_3841
B39,work_1428,person_425,person_3846
B39,work_3859,person_1517,person_3883
B39,work_2678,person_1041,person_3868
B39,work_7040,person_3093,person_3925
B39,work_7639,person_3433,person_3937
B39,work_7040,person_3093,person_3925
B39,work_7694,person_3467,person_3938
B39,work_7697,person_3467,person_3938
B39,work_1428,person_425,person_3846
B39,work_3844,person_1517,person_3883
B39,work_4824,person_1947,person_3894
B39,work_5286,person_2248,person_3900
B39,work_871,person_345,person_3840
B39,work_1428,person_425,person_3846
B39,work_5286,person_2248,person_3900
B39,work_1428,person_425,person_3846
B39,work_620,person_241,person_3836
B39,work_1139,person_352,person_3841
B39,work_1128,person_352,person_3841
B39,work_1128,person_352,person_3841
B39,work_1428,person_425,person_3846
B39,work_1723,person_505,person_3851
B39,work_1723,person_505,person_3851
B39,work_7639,person_3433,person_3937
B44,work_1128,person_352,person_3841
B45,work_1157,person_352,person_3841
B47,work_1603,person_447,person_3848
B47,work_7266,person_3235,person_3930
B47,work_3546,person_1423,person_3881
B49,work_2692,person_1045,person_3869
B54,work_1477,person_426,person_3847
B54,work_714,person_299,person_3837
B55,work_5996,person_2605,person_3909
B55,work_5286,person_2248,person_3900
B55,work_215,person_95,person_3826
B55,work_1761,person_511,person_3852
B55,work_3354,person_1368,person_3877
B58,work_4155,person_1634,person_3886
B62,work_1603,person_447,person_3848
B62,work_1139,person_352,person_3841
B67,work_1139,person_352,person_3841
B67,work_3858,person_1517,person_3883
B67,work_3930,person_1537,person_3885
B67,work_1603,person_447,person_3848
B67,work_3546,person_1423,person_3881
B67,work_1185,person_352,person_3841
B67,work_1139,person_352,person_3841
B68,work_7042,person_3093,person_3925
B68,work_1603,person_447,person_3848
B68,work_3546,person_1423,person_3881
B68,work_1139,person_352,person_3841
B68,work_3858,person_1517,person_3883
B68,work_1150,person_352,person_3841
B68,work_1150,person_352,person_3841
B68,work_4824,person_1947,person_3894
B68,work_1603,person_447,person_3848
B68,work_1139,person_352,person_3841
B68,work_1150,person_352,person_3841
B68,work_1603,person_447,person_3848
B68,work_1152,person_352,person_3841
B68,work_1603,person_447,person_3848
B68,work_1150,person_352,person_3841
B68,work_1603,person_447,person_3848
B68,work_1723,person_505,person_3851
B68,work_1603,person_447,person_3848
B68,work_1977,person_615,person_3855
B68,work_1150,person_352,person_3841
B68,work_4155,person_1634,person_3886
B68,work_3930,person_1537,person_3885
B69,work_7264,person_3235,person_3930
B70,work_1153,person_352,person_3841
B71,work_3858,person_1517,person_3883
B71,work_3546,person_1423,person_3881
B71,work_620,person_241,person_3836
B71,work_870,person_345,person_3840
B71,work_3853,person_1517,person_3883
B71,work_3839,person_1517,person_3883
B71,work_4143,person_1634,person_3886
B71,work_4144,person_1634,person_3886
B71,work_487,person_192,person_3832
B71,work_1157,person_352,person_3841
B71,work_1428,person_425,person_3846
B71,work_3546,person_1423,person_3881
B73,work_1150,person_352,person_3841
B76,work_1150,person_352,person_3841
B77,work_491,person_192,person_3832
B77,work_1145,person_352,person_3841
B77,work_1163,person_352,person_3841
B77,work_3853,person_1517,person_3883
B77,work_2679,person_1041,person_3868
B77,work_3892,person_1522,person_3884
B77,work_7041,person_3093,person_3925
B77,work_3839,person_1517,person_3883
B77,work_3823,person_1517,person_3883
B77,work_3826,person_1517,person_3883
B77,work_3827,person_1517,person_3883
B77,work_3832,person_1517,person_3883
B77,work_3861,person_1517,person_3883
B77,work_487,person_192,person_3832
B77,work_4819,person_1947,person_3894
B77,work_2677,person_1041,person_3868
B77,work_4154,person_1634,person_3886
B77,work_1157,person_352,person_3841
B77,work_3583,person_1438,person_3882
B77,work_7042,person_3093,person_3925
B77,work_4824,person_1947,person_3894
B78,work_534,person_209,person_3834
B79,work_3823,person_1517,person_3883
B79,work_4824,person_1947,person_3894
B79,work_3583,person_1438,person_3882
B79,work_1845,person_549,person_3854
B79,work_3844,person_1517,person_3883
B79,work_534,person_209,person_3834
B8,work_3357,person_1368,person_3877
B80,work_97,person_58,person_3823
B87,work_1140,person_352,person_3841
B87,work_1603,person_447,person_3848
B9,work_5265,person_2234,person_3899
BA1,work_1150,person_352,person_3841
BA1,work_1603,person_447,person_3848
BA1,work_1603,person_447,person_3848
BA1,work_4826,person_1947,person_3894
BA1,work_1159,person_352,person_3841
BA1,work_2167,person_718,person_3861
BA1,work_4155,person_1634,person_3886
BA1,work_4155,person_1634,person_3886
BA1,work_4155,person_1634,person_3886
BA1,work_6769,person_2973,person_3922
BA1,work_5286,person_2248,person_3900
BA1,work_3477,person_1422,person_3880
BA1,work_3477,person_1422,person_3880
BA1,work_8137,person_3744,person_3944
BA1,work_3823,person_1517,person_3883
BA1,work_3826,person_1517,person_3883
BA1,work_3827,person_1517,person_3883
BA1,work_3832,person_1517,person_3883
BA1,work_3834,person_1517,person_3883
BA1,work_3837,person_1517,person_3883
BA1,work_3838,person_1517,person_3883
BA1,work_3841,person_1517,person_3883
BA1,work_3845,person_1517,person_3883
BA1,work_3850,person_1517,person_3883
BA1,work_3860,person_1517,person_3883
BA1,work_3861,person_1517,person_3883
BA1,work_3863,person_1517,person_3883
BA1,work_3839,person_1517,person_3883
BA1,work_3846,person_1517,person_3883
BA1,work_1176,person_352,person_3841
BA1,work_1166,person_352,person_3841
BA1,work_1163,person_352,person_3841
BA1,work_1150,person_352,person_3841
BA1,work_1153,person_352,person_3841
BA1,work_4824,person_1947,person_3894
BA1,work_1428,person_425,person_3846
BA1,work_3855,person_1517,person_3883
BA1,work_7039,person_3093,person_3925
BA1,work_2152,person_714,person_3858
BA1,work_6321,person_2779,person_3917
BA1,work_4824,person_1947,person_3894
BA1,work_615,person_241,person_3836
BA1,work_619,person_241,person_3836
BA1,work_1150,person_352,person_3841
BA1,work_615,person_241,person_3836
BA1,work_617,person_241,person_3836
BA1,work_619,person_241,person_3836
BA1,work_621,person_241,person_3836
BA1,work_622,person_241,person_3836
BA1,work_1131,person_352,person_3841
BA1,work_1134,person_352,person_3841
BA1,work_1139,person_352,person_3841
BA1,work_1148,person_352,person_3841
BA1,work_1150,person_352,person_3841
BA1,work_1152,person_352,person_3841
BA1,work_1176,person_352,person_3841
BA1,work_1603,person_447,person_3848
BA1,work_617,person_241,person_3836
BA1,work_1150,person_352,person_3841
BA1,work_1603,person_447,person_3848
BA1,work_1150,person_352,person_3841
BA1,work_1603,person_447,person_3848
BA1,work_1603,person_447,person_3848
BA1,work_3546,person_1423,person_3881
BA1,work_1603,person_447,person_3848
BA1,work_3844,person_1517,person_3883
BA1,work_3477,person_1422,person_3880
BA1,work_3477,person_1422,person_3880
BA1,work_1150,person_352,person_3841
BA1,work_8137,person_3744,person_3944
BA1,work_1774,person_511,person_3852
BA1,work_1150,person_352,person_3841
BA1,work_1166,person_352,person_3841
BA1,work_7038,person_3093,person_3925
BA1,work_3839,person_1517,person_3883
BA1,work_7740,person_3484,person_3940
BA1,work_1150,person_352,person_3841
BA1,work_1428,person_425,person_3846
BA1,work_1490,person_426,person_3847
BA1,work_4155,person_1634,person_3886
BA1,work_3545,person_1423,person_3881
BA1,work_1165,person_352,person_3841
BA1,work_1603,person_447,person_3848
BA1,work_624,person_241,person_3836
BA1,work_1131,person_352,person_3841
BA1,work_1166,person_352,person_3841
BA1,work_5596,person_2430,person_3904
BA1,work_1165,person_352,person_3841
BA1,work_1603,person_447,person_3848
BA1,work_1428,person_425,person_3846
BA1,work_1153,person_352,person_3841
BA1,work_1153,person_352,person_3841
BA1,work_1592,person_447,person_3848
BA1,work_1596,person_447,person_3848
BA1,work_1603,person_447,person_3848
BA1,work_3835,person_1517,person_3883
BA1,work_5596,person_2430,person_3904
BA1,work_1165,person_352,person_3841
BA1,work_1166,person_352,person_3841
BA1,work_1592,person_447,person_3848
BA1,work_1596,person_447,person_3848
BA1,work_1166,person_352,person_3841
BA1,work_1774,person_511,person_3852
BA1,work_1150,person_352,person_3841
BA1,work_7042,person_3093,person_3925
BA1,work_1428,person_425,person_3846
BA1,work_1604,person_447,person_3848
BA1,work_7877,person_3621,person_3941
BA1,work_3930,person_1537,person_3885
BA1,work_3848,person_1517,person_3883
BA1,work_7038,person_3093,person_3925
BA1,work_1145,person_352,person_3841
BA1,work_3930,person_1537,person_3885
BA1,work_1594,person_447,person_3848
BA1,work_4155,person_1634,person_3886
BA1,work_3846,person_1517,person_3883
BA1,work_7569,person_3387,person_3934
BA1,work_871,person_345,person_3840
BA1,work_4622,person_1864,person_3892
BA1,work_1723,person_505,person_3851
BA1,work_1723,person_505,person_3851
BA1,work_1724,person_505,person_3851
BA1,work_6338,person_2794,person_3918
BA1,work_6989,person_3061,person_3924
BA1,work_7038,person_3093,person_3925
BA1,work_7039,person_3093,person_3925
BA1,work_7040,person_3093,person_3925
BA1,work_7041,person_3093,person_3925
BA1,work_7042,person_3093,person_3925
BA1,work_7038,person_3093,person_3925
BA1,work_7039,person_3093,person_3925
BA1,work_7040,person_3093,person_3925
BA1,work_7042,person_3093,person_3925
BA1,work_7041,person_3093,person_3925
BA1,work_805,person_319,person_3838
BA1,work_806,person_319,person_3838
BA1,work_808,person_319,person_3838
BA1,work_811,person_319,person_3838
BA1,work_812,person_319,person_3838
BA1,work_816,person_319,person_3838
BA1,work_818,person_319,person_3838
BA1,work_824,person_319,person_3838
BA1,work_818,person_319,person_3838
BA1,work_818,person_319,person_3838
BA1,work_804,person_319,person_3838
BA1,work_824,person_319,person_3838
BA1,work_812,person_319,person_3838
BA1,work_822,person_319,person_3838
BA1,work_6903,person_3008,person_3923
BA1,work_218,person_95,person_3826
BA1,work_811,person_319,person_3838
BA1,work_824,person_319,person_3838
BA1,work_1977,person_615,person_3855
BA1,work_6320,person_2779,person_3917
BA1,work_1480,person_426,person_3847
BA1,work_824,person_319,person_3838
BA1,work_817,person_319,person_3838
BA1,work_829,person_319,person_3838
BA1,work_6022,person_2625,person_3910
BA1,work_817,person_319,person_3838
BA1,work_6320,person_2779,person_3917
BA1,work_3583,person_1438,person_3882
BA1,work_3583,person_1438,person_3882
BA1,work_3353,person_1368,person_3877
BA1,work_6320,person_2779,person_3917
BA1,work_6322,person_2779,person_3917
BA1,work_817,person_319,person_3838
BA1,work_3354,person_1368,person_3877
BA1,work_4767,person_1930,person_3893
BA1,work_6320,person_2779,person_3917
BA1,work_4246,person_1670,person_3888
BA1,work_3354,person_1368,person_3877
BA1,work_4282,person_1694,person_3889
BA1,work_5131,person_2151,person_3897
BA1,work_1316,person_373,person_3845
BA1,work_2749,person_1056,person_3870
BA1,work_3354,person_1368,person_3877
BA1,work_3355,person_1368,person_3877
BA1,work_3355,person_1368,person_3877
BA1,work_6163,person_2691,person_3913
BA1,work_6163,person_2691,person_3913
BA1,work_5570,person_2429,person_3903
BA1,work_3354,person_1368,person_3877
BA1,work_7054,person_3102,person_3927
BA1,work_848,person_327,person_3839
BA1,work_2088,person_686,person_3857
BA1,work_2748,person_1056,person_3870
BA1,work_3355,person_1368,person_3877
BA1,work_2088,person_686,person_3857
BA1,work_3359,person_1368,person_3877
BA1,work_3354,person_1368,person_3877
BA1,work_6163,person_2691,person_3913
BA1,work_3359,person_1368,person_3877
BA1,work_3354,person_1368,person_3877
BA1,work_213,person_95,person_3826
BA1,work_1723,person_505,person_3851
BA1,work_713,person_299,person_3837
BA1,work_2287,person_803,person_3863
BA1,work_3354,person_1368,person_3877
BA1,work_3362,person_1368,person_3877
BA1,work_3359,person_1368,person_3877
BA1,work_7364,person_3306,person_3931
BA1,work_214,person_95,person_3826
BA1,work_804,person_319,person_3838
BA1,work_6165,person_2691,person_3913
BA1,work_6322,person_2779,person_3917
BA1,work_6896,person_3008,person_3923
BA1,work_6165,person_2691,person_3913
BA1,work_6905,person_3008,person_3923
BA1,work_6906,person_3008,person_3923
BA1,work_1723,person_505,person_3851
BA1,work_816,person_319,person_3838
BA1,work_218,person_95,person_3826
BA1,work_1723,person_505,person_3851
BA1,work_3844,person_1517,person_3883
BA1,work_1480,person_426,person_3847
BA1,work_5645,person_2449,person_3905
BA1,work_5648,person_2449,person_3905
BA1,work_811,person_319,person_3838
BA1,work_816,person_319,person_3838
BA1,work_5645,person_2449,person_3905
BA1,work_5647,person_2449,person_3905
BA1,work_5648,person_2449,person_3905
BA1,work_5649,person_2449,person_3905
BA1,work_7696,person_3467,person_3938
BA1,work_7698,person_3467,person_3938
BA1,work_7699,person_3467,person_3938
BA1,work_7700,person_3467,person_3938
BA1,work_7701,person_3467,person_3938
BA1,work_7702,person_3467,person_3938
BA1,work_5644,person_2449,person_3905
BA1,work_6338,person_2794,person_3918
BA1,work_1603,person_447,person_3848
BA1,work_1596,person_447,person_3848
BA1,work_1317,person_373,person_3845
BA1,work_2770,person_1070,person_3871
BA1,work_2770,person_1070,person_3871
BA1,work_810,person_319,person_3838
BA1,work_6901,person_3008,person_3923
BA1,work_824,person_319,person_3838
BA1,work_4824,person_1947,person_3894
BA1,work_1150,person_352,person_3841
BA1,work_1492,person_426,person_3847
BA1,work_1603,person_447,person_3848
BA1,work_3844,person_1517,person_3883
BA1,work_3846,person_1517,person_3883
BA1,work_3477,person_1422,person_3880
BA1,work_487,person_192,person_3832
BA1,work_824,person_319,person_3838
BA1,work_3844,person_1517,person_3883
BA1,work_3863,person_1517,person_3883
BA1,work_1485,person_426,person_3847
BA1,work_7042,person_3093,person_3925
BA1,work_1603,person_447,person_3848
BA1,work_3846,person_1517,person_3883
BA1,work_1139,person_352,person_3841
BA1,work_1492,person_426,person_3847
BA1,work_7042,person_3093,person_3925
BA1,work_7038,person_3093,person_3925
BA1,work_1153,person_352,person_3841
BA1,work_1598,person_447,person_3848
BA1,work_1153,person_352,person_3841
BA1,work_1596,person_447,person_3848
BA1,work_1603,person_447,person_3848
BA1,work_1603,person_447,person_3848
BA1,work_3930,person_1537,person_3885
BA1,work_6900,person_3008,person_3923
BA1,work_804,person_319,person_3838
BA1,work_6896,person_3008,person_3923
BA1,work_804,person_319,person_3838
BA1,work_1723,person_505,person_3851
BA1,work_6896,person_3008,person_3923
BA1,work_7038,person_3093,person_3925
BA1,work_7039,person_3093,person_3925
BA1,work_7040,person_3093,person_3925
BA1,work_7042,person_3093,person_3925
BA1,work_7042,person_3093,person_3925
BA1,work_7038,person_3093,person_3925
BA1,work_7039,person_3093,person_3925
BA1,work_1603,person_447,person_3848
BA1,work_286,person_116,person_3827
BA1,work_3477,person_1422,person_3880
BM1,work_3545,person_1423,person_3881
BM1,work_1603,person_447,person_3848
BM1,work_3477,person_1422,person_3880
BM1,work_3546,person_1423,person_3881
BM1,work_1603,person_447,person_3848
BM1,work_3546,person_1423,person_3881
BM1,work_1603,person_447,person_3848
BM1,work_7042,person_3093,person_3925
BM1,work_1603,person_447,person_3848
BM1,work_493,person_192,person_3832
BM1,work_1139,person_352,person_3841
BM1,work_1150,person_352,person_3841
BM1,work_1152,person_352,person_3841
BM1,work_1166,person_352,person_3841
BM1,work_1592,person_447,person_3848
BM1,work_1600,person_447,person_3848
BM1,work_1603,person_447,person_3848
BM1,work_1610,person_447,person_3848
BM1,work_1139,person_352,person_3841
BM1,work_1603,person_447,person_3848
BM1,work_815,person_319,person_3838
BM1,work_1139,person_352,person_3841
BM1,work_1603,person_447,person_3848
BM1,work_1153,person_352,person_3841
BM1,work_1150,person_352,person_3841
BM1,work_210,person_95,person_3826
BM1,work_493,person_192,person_3832
BM1,work_5596,person_2430,person_3904
BM1,work_210,person_95,person_3826
BM1,work_1603,person_447,person_3848
BM1,work_1153,person_352,person_3841
BM1,work_1603,person_447,person_3848
BM1,work_3545,person_1423,person_3881
BM1,work_3546,person_1423,person_3881
BM1,work_1722,person_505,person_3851
BM1,work_3858,person_1517,person_3883
BM1,work_5286,person_2248,person_3900
BM1,work_1603,person_447,person_3848
BM1,work_1139,person_352,person_3841
BM1,work_1603,person_447,person_3848
BM1,work_1139,person_352,person_3841
BM1,work_6773,person_2973,person_3922
BM1,work_3545,person_1423,person_3881
BM1,work_6774,person_2973,person_3922
BM1,work_848,person_327,person_3839
BM1,work_1145,person_352,person_3841
BM1,work_7639,person_3433,person_3937
BM1,work_7639,person_3433,person_3937
BM1,work_139,person_77,person_3825
BM1,work_824,person_319,person_3838
BM1,work_3330,person_1363,person_3876
BM1,work_848,person_327,person_3839
BM1,work_848,person_327,person_3839
BM1,work_3354,person_1368,person_3877
BM1,work_1723,person_505,person_3851
BM1,work_5646,person_2449,person_3905
BM1,work_494,person_192,person_3832
BM1,work_3331,person_1363,person_3876
BM1,work_7639,person_3433,person_3937
BM1,work_820,person_319,person_3838
BM1,work_820,person_319,person_3838
BM1,work_815,person_319,person_3838
BM1,work_824,person_319,person_3838
BM1,work_365,person_143,person_3830
BM1,work_365,person_143,person_3830
BM1,work_7042,person_3093,person_3925
BM1,work_1723,person_505,person_3851
BM1,work_365,person_143,person_3830
BM1,work_3477,person_1422,person_3880
BP1,work_1139,person_352,person_3841
BP10,work_818,person_319,person_3838
BP10,work_1603,person_447,person_3848
BP15,work_7042,person_3093,person_3925
BP2,work_5286,person_2248,person_3900
BP2,work_491,person_192,person_3832
BP2,work_2152,person_714,person_3858
BP2,work_4822,person_1947,person_3894
BP21,work_2152,person_714,person_3858
BP21,work_491,person_192,person_3832
BP21,work_3846,person_1517,person_3883
BP21,work_3840,person_1517,person_3883
BP21,work_3828,person_1517,person_3883
BP21,work_491,person_192,person_3832
BP21,work_1163,person_352,person_3841
BP21,work_4147,person_1634,person_3886
BP21,work_1157,person_352,person_3841
BP21,work_4824,person_1947,person_3894
BP21,work_7041,person_3093,person_3925
BP21,work_1483,person_426,person_3847
BP21,work_2692,person_1045,person_3869
BP21,work_1163,person_352,person_3841
BP21,work_7042,person_3093,person_3925
BP21,work_1428,person_425,person_3846
BP21,work_487,person_192,person_3832
BP21,work_487,person_192,person_3832
BP21,work_815,person_319,person_3838
BP21,work_5570,person_2429,person_3903
BP21,work_2995,person_1193,person_3874
BP21,work_1139,person_352,person_3841
BP21,work_3546,person_1423,person_3881
BP21,work_3828,person_1517,person_3883
BP21,work_3546,person_1423,person_3881
BP21,work_3853,person_1517,person_3883
BP21,work_5570,person_2429,person_3903
BP21,work_1150,person_352,person_3841
BP21,work_7042,person_3093,person_3925
BP21,work_4928,person_1992,person_3895
BP21,work_1603,person_447,person_3848
BP21,work_7039,person_3093,person_3925
BP21,work_7041,person_3093,person_3925
BP21,work_5647,person_2449,person_3905
BP21,work_5648,person_2449,person_3905
BP21,work_7041,person_3093,person_3925
BP21,work_7042,person_3093,person_3925
BP21,work_7696,person_3467,person_3938
BP21,work_7697,person_3467,person_3938
BP21,work_7698,person_3467,person_3938
BP21,work_7699,person_3467,person_3938
BP21,work_7700,person_3467,person_3938
BP21,work_7701,person_3467,person_3938
BP21,work_7702,person_3467,person_3938
BP21,work_6989,person_3061,person_3924
BP21,work_495,person_192,person_3832
BP21,work_2995,person_1193,person_3874
BP21,work_6989,person_3061,person_3924
BP21,work_7042,person_3093,person_3925
BP21,work_5644,person_2449,person_3905
BP21,work_5645,person_2449,person_3905
BP21,work_5647,person_2449,person_3905
BP21,work_5648,person_2449,person_3905
BP21,work_5649,person_2449,person_3905
BP21,work_620,person_241,person_3836
BP21,work_5286,person_2248,person_3900
BP21,work_3844,person_1517,person_3883
BP21,work_3930,person_1537,person_3885
BP21,work_818,person_319,person_3838
BP21,work_1603,person_447,person_3848
BP21,work_5286,person_2248,person_3900
BP21,work_3858,person_1517,person_3883
BP21,work_4155,person_1634,person_3886
BP21,work_7042,person_3093,person_3925
BP21,work_1603,person_447,person_3848
BP21,work_1594,person_447,person_3848
BP21,work_818,person_319,person_3838
BP21,work_1166,person_352,person_3841
BP21,work_1166,person_352,person_3841
BP21,work_1603,person_447,person_3848
BP21,work_1150,person_352,person_3841
BP21,work_1603,person_447,person_3848
BP21,work_1604,person_447,person_3848
BP21,work_1773,person_511,person_3852
BP21,work_1603,person_447,person_3848
BP21,work_1604,person_447,person_3848
BP21,work_1150,person_352,person_3841
BP21,work_1166,person_352,person_3841
BP21,work_1773,person_511,person_3852
BP21,work_1773,person_511,person_3852
BP21,work_1603,person_447,person_3848
BP21,work_1139,person_352,person_3841
BP21,work_1150,person_352,person_3841
BP21,work_1603,person_447,person_3848
BP21,work_5286,person_2248,person_3900
BP21,work_1166,person_352,person_3841
BP21,work_1603,person_447,person_3848
BP21,work_1598,person_447,person_3848
BP21,work_1603,person_447,person_3848
BP21,work_1773,person_511,person_3852
BP21,work_1150,person_352,person_3841
BP21,work_3853,person_1517,person_3883
BP21,work_1428,person_425,person_3846
BP21,work_3846,person_1517,person_3883
BP21,work_1150,person_352,person_3841
BP21,work_1603,person_447,person_3848
BP21,work_818,person_319,person_3838
BP21,work_1723,person_505,person_3851
BP21,work_1150,person_352,person_3841
BP21,work_1603,person_447,person_3848
BP21,work_1603,person_447,person_3848
BP21,work_623,person_241,person_3836
BP21,work_815,person_319,person_3838
BP21,work_1428,person_425,person_3846
BP21,work_1139,person_352,person_3841
BP21,work_1773,person_511,person_3852
BP21,work_1603,person_447,person_3848
BP21,work_1428,person_425,person_3846
BP21,work_491,person_192,person_3832
BP21,work_1134,person_352,person_3841
BP21,work_1139,person_352,person_3841
BP21,work_1150,person_352,person_3841
BP21,work_1150,person_352,person_3841
BP21,work_1428,person_425,person_3846
BP21,work_1603,person_447,person_3848
BP21,work_1723,person_505,person_3851
BP21,work_1603,person_447,person_3848
BP21,work_1603,person_447,person_3848
BP21,work_1774,person_511,person_3852
BP21,work_4197,person_1652,person_3887
BP21,work_1428,person_425,person_3846
BP21,work_1139,person_352,person_3841
BP21,work_1603,person_447,person_3848
BP21,work_1604,person_447,person_3848
BP21,work_1152,person_352,person_3841
BP21,work_7042,person_3093,person_3925
BP21,work_1166,person_352,person_3841
BP21,work_1428,person_425,person_3846
BP21,work_1603,person_447,person_3848
BP21,work_1604,person_447,person_3848
BP21,work_1428,person_425,person_3846
BP21,work_1604,person_447,person_3848
BP21,work_1428,person_425,person_3846
BP21,work_7037,person_3093,person_3925
BP21,work_495,person_192,person_3832
BP21,work_1603,person_447,person_3848
BP21,work_7042,person_3093,person_3925
BP23,work_1477,person_426,person_3847
BP3,work_3356,person_1368,person_3877
C1,work_1603,person_447,person_3848
C1,work_1157,person_352,person_3841
C8,work_4155,person_1634,person_3886
C8,work_3846,person_1517,person_3883
C8,work_871,person_345,person_3840
C8,work_625,person_241,person_3836
C8,work_1599,person_447,person_3848
C8,work_1159,person_352,person_3841
C8,work_1428,person_425,person_3846
C8,work_1135,person_352,person_3841
C8,work_1152,person_352,person_3841
FA8,work_1166,person_352,person_3841
FA8,work_7042,person_3093,person_3925
FA8,work_1150,person_352,person_3841
FA8,work_1139,person_352,person_3841
FA8,work_1152,person_352,person_3841
FA8,work_1180,person_352,person_3841
FA8,work_4155,person_1634,person_3886
FA8,work_1148,person_352,person_3841
FA8,work_1157,person_352,person_3841
FA8,work_614,person_241,person_3836
FA8,work_1604,person_447,person_3848
FA8,work_1166,person_352,person_3841
FA8,work_1598,person_447,person_3848
FA8,work_7740,person_3484,person_3940
FA8,work_1603,person_447,person_3848
FA8,work_1723,person_505,person_3851
FA8,work_1603,person_447,person_3848
FA8,work_4135,person_1634,person_3886
FA8,work_1604,person_447,person_3848
FA8,work_1603,person_447,person_3848
FA8,work_871,person_345,person_3840
FA8,work_1163,person_352,person_3841
FA8,work_1150,person_352,person_3841
FA8,work_627,person_241,person_3836
FA8,work_3840,person_1517,person_3883
FA8,work_3861,person_1517,person_3883
FA8,work_3825,person_1517,person_3883
FA8,work_3846,person_1517,person_3883
FA8,work_4135,person_1634,person_3886
FA8,work_1188,person_352,person_3841
FA8,work_632,person_241,person_3836
FA8,work_1603,person_447,person_3848
FA8,work_3583,person_1438,person_3882
FA8,work_3839,person_1517,person_3883
FA8,work_1603,person_447,person_3848
FA8,work_7038,person_3093,person_3925
FA8,work_818,person_319,person_3838
FA8,work_1150,person_352,person_3841
FA8,work_1166,person_352,person_3841
FA8,work_5286,person_2248,person_3900
FA8,work_1978,person_615,person_3855
FA8,work_217,person_95,person_3826
FA8,work_1150,person_352,person_3841
FA8,work_6498,person_2879,person_3921
FA8,work_818,person_319,person_3838
FA8,work_818,person_319,person_3838
FA8,work_824,person_319,person_3838
FA8,work_1723,person_505,person_3851
FA8,work_822,person_319,person_3838
FA8,work_7037,person_3093,person_3925
FA8,work_7040,person_3093,person_3925
FA8,work_1723,person_505,person_3851
FA8,work_818,person_319,person_3838
FA8,work_1156,person_352,person_3841
FA8,work_818,person_319,person_3838
FA8,work_818,person_319,person_3838
FA8,work_822,person_319,person_3838
FA8,work_7473,person_3340,person_3932
FA8,work_3930,person_1537,person_3885
FA8,work_7740,person_3484,person_3940
FA8,work_3927,person_1537,person_3885
FA8,work_3928,person_1537,person_3885
FA8,work_3929,person_1537,person_3885
FA8,work_3930,person_1537,person_3885
FA8,work_4824,person_1947,person_3894
FA8,work_1150,person_352,person_3841
FA8,work_6320,person_2779,person_3917
FA8,work_6320,person_2779,person_3917
FA8,work_627,person_241,person_3836
FA8,work_6320,person_2779,person_3917
FA8,work_6320,person_2779,person_3917
FA8,work_1723,person_505,person_3851
FA8,work_3359,person_1368,person_3877
FA8,work_7040,person_3093,person_3925
FA8,work_7042,person_3093,person_3925
FA8,work_7042,person_3093,person_3925
FA8,work_2158,person_715,person_3859
FA8,work_6320,person_2779,person_3917
FA8,work_1723,person_505,person_3851
FA8,work_1723,person_505,person_3851
FA8,work_7697,person_3467,person_3938
FA8,work_7698,person_3467,person_3938
FA8,work_7699,person_3467,person_3938
FA8,work_7700,person_3467,person_3938
FA8,work_7701,person_3467,person_3938
FA8,work_7702,person_3467,person_3938
FA8,work_7041,person_3093,person_3925
FA8,work_1977,person_615,person_3855
FA8,work_7054,person_3102,person_3927
FA8,work_1603,person_447,person_3848
FA8,work_1188,person_352,person_3841
FA8,work_6321,person_2779,person_3917
G3,work_8139,person_3744,person_3944
H2,work_1476,person_426,person_3847
H2,work_1428,person_425,person_3846
H2,work_1603,person_447,person_3848
H2,work_7046,person_3094,person_3926
H2,work_1776,person_511,person_3852
H2,work_7264,person_3235,person_3930
H2,work_1166,person_352,person_3841
H2,work_1609,person_447,person_3848
H2,work_3544,person_1423,person_3881
H2,work_1478,person_426,person_3847
H2,work_321,person_129,person_3828
H2,work_827,person_319,person_3838
H2,work_6194,person_2700,person_3914
H2,work_534,person_209,person_3834
H2,work_1145,person_352,person_3841
H2,work_1150,person_352,person_3841
H2,work_491,person_192,person_3832
H2,work_1145,person_352,person_3841
H2,work_1150,person_352,person_3841
H2,work_1603,person_447,person_3848
H2,work_4155,person_1634,person_3886
H2,work_1131,person_352,person_3841
H2,work_1139,person_352,person_3841
H2,work_1428,person_425,person_3846
H2,work_2865,person_1130,person_3872
H2,work_3583,person_1438,person_3882
H2,work_2677,person_1041,person_3868
H2,work_4154,person_1634,person_3886
H2,work_8139,person_3744,person_3944
H2,work_1157,person_352,person_3841
H2,work_818,person_319,person_3838
H2,work_3826,person_1517,person_3883
H2,work_3827,person_1517,person_3883
H2,work_3832,person_1517,person_3883
H2,work_3861,person_1517,person_3883
H2,work_1131,person_352,person_3841
H2,work_1145,person_352,person_3841
H2,work_1153,person_352,person_3841
H2,work_1157,person_352,person_3841
H2,work_1163,person_352,person_3841
H2,work_1139,person_352,person_3841
H2,work_1145,person_352,person_3841
H2,work_1163,person_352,person_3841
H2,work_3861,person_1517,person_3883
H2,work_3545,person_1423,person_3881
H2,work_321,person_129,person_3828
H2,work_826,person_319,person_3838
H2,work_827,person_319,person_3838
H2,work_6194,person_2700,person_3914
H2,work_4155,person_1634,person_3886
H2,work_1150,person_352,person_3841
H2,work_6775,person_2973,person_3922
H2,work_6776,person_2973,person_3922
H2,work_7479,person_3340,person_3932
H2,work_1150,person_352,person_3841
H2,work_1603,person_447,person_3848
H2,work_6320,person_2779,person_3917
H2,work_1186,person_352,person_3841
H2,work_1139,person_352,person_3841
H2,work_1152,person_352,person_3841
H2,work_1153,person_352,person_3841
H2,work_7639,person_3433,person_3937
H2,work_7265,person_3235,person_3930
H2,work_6107,person_2669,person_3912
H2,work_3546,person_1423,person_3881
H2,work_1135,person_352,person_3841
H2,work_2167,person_718,person_3861
H2,work_7046,person_3094,person_3926
H2,work_1157,person_352,person_3841
H2,work_3828,person_1517,person_3883
H2,work_3839,person_1517,person_3883
H2,work_8137,person_3744,person_3944
H2,work_7042,person_3093,person_3925
H2,work_3823,person_1517,person_3883
H2,work_1163,person_352,person_3841
H2,work_7639,person_3433,person_3937
H2,work_1150,person_352,person_3841
H3,work_3544,person_1423,person_3881
H3,work_3823,person_1517,person_3883
H4,work_534,person_209,person_3834
H4,work_1476,person_426,person_3847
H4,work_7948,person_3636,person_3943
K1,work_4142,person_1634,person_3886
K1,work_1180,person_352,person_3841
K1,work_623,person_241,person_3836
K1,work_1131,person_352,person_3841
K1,work_1127,person_352,person_3841
K1,work_1139,person_352,person_3841
K1,work_1158,person_352,person_3841
K1,work_1148,person_352,person_3841
K1,work_1129,person_352,person_3841
K1,work_1183,person_352,person_3841
K1,work_2152,person_714,person_3858
K1,work_1128,person_352,person_3841
K1,work_1143,person_352,person_3841
K1,work_1170,person_352,person_3841
K1,work_1140,person_352,person_3841
K1,work_1165,person_352,person_3841
K1,work_1178,person_352,person_3841
K1,work_1189,person_352,person_3841
K1,work_1132,person_352,person_3841
K1,work_3853,person_1517,person_3883
K1,work_1137,person_352,person_3841
K1,work_1156,person_352,person_3841
K1,work_1151,person_352,person_3841
K1,work_1160,person_352,person_3841
K1,work_1163,person_352,person_3841
K1,work_1185,person_352,person_3841
K1,work_1134,person_352,person_3841
K1,work_1150,person_352,person_3841
K1,work_1134,person_352,person_3841
K1,work_1150,person_352,person_3841
K1,work_1171,person_352,person_3841
K1,work_1173,person_352,person_3841
K1,work_1163,person_352,person_3841
K1,work_1141,person_352,person_3841
K1,work_1174,person_352,person_3841
K1,work_1142,person_352,person_3841
K1,work_1166,person_352,person_3841
K1,work_1169,person_352,person_3841
K1,work_1483,person_426,person_3847
K1,work_1129,person_352,person_3841
K1,work_1138,person_352,person_3841
K1,work_1157,person_352,person_3841
K1,work_1145,person_352,person_3841
K1,work_1152,person_352,person_3841
K1,work_1145,person_352,person_3841
K1,work_1147,person_352,person_3841
K1,work_1163,person_352,person_3841
K1,work_1128,person_352,person_3841
K1,work_1157,person_352,person_3841
K1,work_1181,person_352,person_3841
K1,work_1169,person_352,person_3841
K1,work_1130,person_352,person_3841
K1,work_1191,person_352,person_3841
K1,work_1149,person_352,person_3841
K1,work_495,person_192,person_3832
K1,work_1150,person_352,person_3841
K1,work_1190,person_352,person_3841
K1,work_1144,person_352,person_3841
K1,work_2692,person_1045,person_3869
K1,work_1154,person_352,person_3841
K1,work_1167,person_352,person_3841
K1,work_1155,person_352,person_3841
K1,work_1153,person_352,person_3841
K1,work_1428,person_425,person_3846
K1,work_4143,person_1634,person_3886
K1,work_1163,person_352,person_3841
K1,work_6350,person_2798,person_3919
K112,work_1139,person_352,person_3841
K112,work_2148,person_714,person_3858
K112,work_2149,person_714,person_3858
K112,work_2150,person_714,person_3858
K112,work_2158,person_715,person_3859
K143,work_1594,person_447,person_3848
K184,work_2692,person_1045,person_3869
K186,work_2677,person_1041,person_3868
K186,work_2679,person_1041,person_3868
K2,work_491,person_192,person_3832
K2,work_492,person_192,person_3832
K2,work_486,person_192,person_3832
K2,work_491,person_192,person_3832
K2,work_6499,person_2879,person_3921
K2,work_494,person_192,person_3832
K2,work_491,person_192,person_3832
K2,work_488,person_192,person_3832
K2,work_494,person_192,person_3832
K2,work_496,person_192,person_3832
K2,work_491,person_192,person_3832
K2,work_490,person_192,person_3832
K2,work_487,person_192,person_3832
K2,work_495,person_192,person_3832
K2,work_487,person_192,person_3832
K2,work_487,person_192,person_3832
K2,work_487,person_192,person_3832
K203,work_2996,person_1193,person_3874
K242,work_3312,person_1361,person_3875
K244,work_1596,person_447,person_3848
K244,work_3545,person_1423,person_3881
K244,work_3546,person_1423,person_3881
K244,work_3546,person_1423,person_3881
K246,work_3892,person_1522,person_3884
K281,work_3843,person_1517,person_3883
K281,work_3858,person_1517,person_3883
K281,work_3823,person_1517,person_3883
K281,work_3828,person_1517,person_3883
K281,work_3826,person_1517,person_3883
K281,work_3824,person_1517,person_3883
K281,work_3861,person_1517,person_3883
K281,work_3861,person_1517,person_3883
K281,work_3830,person_1517,person_3883
K281,work_3827,person_1517,person_3883
K281,work_3853,person_1517,person_3883
K281,work_3853,person_1517,person_3883
K281,work_3844,person_1517,person_3883
K281,work_3844,person_1517,person_3883
K281,work_3865,person_1517,person_3883
K281,work_3839,person_1517,person_3883
K281,work_3832,person_1517,person_3883
K281,work_3834,person_1517,person_3883
K281,work_3845,person_1517,person_3883
K281,work_3839,person_1517,person_3883
K281,work_3835,person_1517,person_3883
K281,work_3841,person_1517,person_3883
K281,work_3837,person_1517,person_3883
K281,work_3838,person_1517,person_3883
K281,work_3847,person_1517,person_3883
K281,work_3849,person_1517,person_3883
K281,work_3857,person_1517,person_3883
K281,work_3852,person_1517,person_3883
K281,work_3864,person_1517,person_3883
K281,work_3864,person_1517,person_3883
K281,work_3846,person_1517,person_3883
K281,work_3855,person_1517,person_3883
K281,work_3848,person_1517,person_3883
K281,work_2153,person_714,person_3858
K281,work_487,person_192,person_3832
K281,work_3824,person_1517,person_3883
K281,work_2152,person_714,person_3858
K281,work_3856,person_1517,person_3883
K281,work_3842,person_1517,person_3883
K281,work_3844,person_1517,person_3883
K282,work_4155,person_1634,person_3886
K282,work_4151,person_1634,person_3886
K282,work_4136,person_1634,person_3886
K282,work_4156,person_1634,person_3886
K282,work_4142,person_1634,person_3886
K282,work_4134,person_1634,person_3886
K282,work_4140,person_1634,person_3886
K282,work_4141,person_1634,person_3886
K282,work_4146,person_1634,person_3886
K282,work_4139,person_1634,person_3886
K282,work_4147,person_1634,person_3886
K282,work_631,person_241,person_3836
K282,work_4145,person_1634,person_3886
K282,work_4135,person_1634,person_3886
K282,work_4143,person_1634,person_3886
K282,work_4144,person_1634,person_3886
K282,work_4145,person_1634,person_3886
K282,work_4138,person_1634,person_3886
K282,work_4148,person_1634,person_3886
K282,work_4153,person_1634,person_3886
K286,work_4197,person_1652,person_3887
K293,work_3929,person_1537,person_3885
K293,work_3930,person_1537,person_3885
K293,work_3928,person_1537,person_3885
K293,work_3927,person_1537,person_3885
K3,work_627,person_241,person_3836
K3,work_616,person_241,person_3836
K3,work_629,person_241,person_3836
K3,work_633,person_241,person_3836
K3,work_618,person_241,person_3836
K3,work_615,person_241,person_3836
K3,work_626,person_241,person_3836
K3,work_624,person_241,person_3836
K3,work_620,person_241,person_3836
K3,work_629,person_241,person_3836
K3,work_625,person_241,person_3836
K361,work_5286,person_2248,person_3900
K361,work_5286,person_2248,person_3900
K371,work_5265,person_2234,person_3899
K4,work_3546,person_1423,person_3881
K404,work_2152,person_714,person_3858
K404,work_5597,person_2430,person_3904
K405,work_5515,person_2390,person_3902
K407,work_1157,person_352,person_3841
K412,work_5649,person_2449,person_3905
K412,work_5644,person_2449,person_3905
K412,work_5647,person_2449,person_3905
K412,work_5645,person_2449,person_3905
K412,work_5650,person_2449,person_3905
K440,work_5906,person_2558,person_3907
K46,work_808,person_319,person_3838
K46,work_811,person_319,person_3838
K46,work_826,person_319,person_3838
K46,work_806,person_319,person_3838
K46,work_805,person_319,person_3838
K46,work_818,person_319,person_3838
K46,work_812,person_319,person_3838
K46,work_824,person_319,person_3838
K464,work_6165,person_2691,person_3913
K48,work_1274,person_362,person_3842
K486,work_818,person_319,person_3838
K486,work_818,person_319,person_3838
K490,work_6338,person_2794,person_3918
K5,work_97,person_58,person_3823
K5,work_98,person_58,person_3823
K505,work_6777,person_2973,person_3922
K543,work_7038,person_3093,person_3925
K543,work_7040,person_3093,person_3925
K543,work_7041,person_3093,person_3925
K543,work_7042,person_3093,person_3925
K543,work_7039,person_3093,person_3925
K543,work_7037,person_3093,person_3925
K554,work_7264,person_3235,person_3930
K567,work_7474,person_3340,person_3932
K567,work_7471,person_3340,person_3932
K567,work_7470,person_3340,person_3932
K567,work_7469,person_3340,person_3932
K567,work_7472,person_3340,person_3932
K567,work_7475,person_3340,person_3932
K579,work_6320,person_2779,person_3917
K586,work_7592,person_3394,person_3935
K6,work_872,person_345,person_3840
K6,work_870,person_345,person_3840
K630,work_7696,person_3467,person_3938
K630,work_7695,person_3467,person_3938
K630,work_7694,person_3467,person_3938
K630,work_7697,person_3467,person_3938
K630,work_7698,person_3467,person_3938
K630,work_6165,person_2691,person_3913
K630,work_7699,person_3467,person_3938
K630,work_7702,person_3467,person_3938
K630,work_7700,person_3467,person_3938
K666,work_4820,person_1947,person_3894
K666,work_441,person_190,person_3831
K666,work_4824,person_1947,person_3894
K666,work_1154,person_352,person_3841
K666,work_441,person_190,person_3831
K666,work_4822,person_1947,person_3894
K666,work_4819,person_1947,person_3894
K667,work_6499,person_2879,person_3921
K671,work_3353,person_1368,person_3877
K68,work_1316,person_373,person_3845
K7,work_287,person_116,person_3827
K7,work_1428,person_425,person_3846
K75,work_818,person_319,person_3838
K78,work_1428,person_425,person_3846
K84,work_1477,person_426,person_3847
K84,work_1481,person_426,person_3847
K84,work_1486,person_426,person_3847
K84,work_1480,person_426,person_3847
K84,work_1479,person_426,person_3847
K84,work_1484,person_426,person_3847
K84,work_1489,person_426,person_3847
K84,work_1491,person_426,person_3847
K85,work_1603,person_447,person_3848
K85,work_1604,person_447,person_3848
K94,work_1723,person_505,person_3851
K94,work_1724,person_505,person_3851
P2,work_1187,person_352,person_3841
P2,work_1152,person_352,person_3841
P2,work_1591,person_447,person_3848
P2,work_1608,person_447,person_3848
P2,work_1150,person_352,person_3841
P2,work_1603,person_447,person_3848
P2,work_1603,person_447,person_3848
P2,work_3362,person_1368,person_3877
P6,work_1316,person_373,person_3845
P6,work_1136,person_352,person_3841
P6,work_1152,person_352,person_3841
P6,work_1163,person_352,person_3841
P6,work_1150,person_352,person_3841
P6,work_1157,person_352,person_3841
P6,work_3843,person_1517,person_3883
P6,work_3843,person_1517,person_3883
P6,work_848,person_327,person_3839
P6,work_3358,person_1368,person_3877
P6,work_3361,person_1368,person_3877
P6,work_2088,person_686,person_3857
P6,work_2088,person_686,person_3857
P6,work_2088,person_686,person_3857
P6,work_2088,person_686,person_3857
P6,work_3359,person_1368,person_3877
P6,work_1594,person_447,person_3848
P6,work_3332,person_1363,person_3876
P6,work_1594,person_447,person_3848
P6,work_1603,person_447,person_3848
P6,work_3360,person_1368,person_3877
P6,work_8137,person_3744,person_3944
P6,work_1159,person_352,person_3841
P6,work_2167,person_718,person_3861
P6,work_5596,person_2430,person_3904
P6,work_5286,person_2248,person_3900
P6,work_4198,person_1652,person_3887
P9,work_3823,person_1517,person_3883
P9,work_1139,person_352,person_3841
R1,work_1163,person_352,person_3841
R1,work_1152,person_352,person_3841
R1,work_1163,person_352,person_3841
R1,work_1153,person_352,person_3841
R1,work_1127,person_352,person_3841
R1,work_1157,person_352,person_3841
R1,work_2152,person_714,person_3858
R1,work_1145,person_352,person_3841
R1,work_1141,person_352,person_3841
R1,work_1169,person_352,person_3841
R1,work_1134,person_352,person_3841
R1,work_1150,person_352,person_3841
R1,work_1156,person_352,person_3841
R1,work_1131,person_352,person_3841
R1,work_1157,person_352,person_3841
R1,work_3853,person_1517,person_3883
R1,work_1139,person_352,person_3841
R1,work_1148,person_352,person_3841
R1,work_1144,person_352,person_3841
R1,work_2692,person_1045,person_3869
R1,work_1128,person_352,person_3841
R1,work_1149,person_352,person_3841
R1,work_1128,person_352,person_3841
R1,work_1180,person_352,person_3841
R1,work_1143,person_352,person_3841
R1,work_1170,person_352,person_3841
R1,work_1137,person_352,person_3841
R1,work_1166,person_352,person_3841
R1,work_1140,person_352,person_3841
R1,work_1160,person_352,person_3841
R1,work_1185,person_352,person_3841
R1,work_495,person_192,person_3832
R1,work_1483,person_426,person_3847
R10,work_5595,person_2430,person_3904
R10,work_2152,person_714,person_3858
R10,work_5595,person_2430,person_3904
R10,work_5595,person_2430,person_3904
R10,work_5595,person_2430,person_3904
R10,work_5597,person_2430,person_3904
R15,work_1428,person_425,person_3846
R15,work_1428,person_425,person_3846
R15,work_1428,person_425,person_3846
R15,work_1428,person_425,person_3846
R16,work_2229,person_779,person_3862
R17,work_870,person_345,person_3840
R2,work_2996,person_1193,person_3874
R21,work_2155,person_714,person_3858
R21,work_1139,person_352,person_3841
R21,work_2149,person_714,person_3858
R21,work_2158,person_715,person_3859
R25,work_2692,person_1045,person_3869
R3,work_491,person_192,person_3832
R3,work_487,person_192,person_3832
R3,work_487,person_192,person_3832
R3,work_487,person_192,person_3832
R3,work_491,person_192,person_3832
R3,work_488,person_192,person_3832
R3,work_487,person_192,person_3832
R3,work_491,person_192,person_3832
R3,work_494,person_192,person_3832
R3,work_487,person_192,person_3832
R3,work_6499,person_2879,person_3921
R3,work_487,person_192,person_3832
R3,work_494,person_192,person_3832
R3,work_496,person_192,person_3832
R3,work_495,person_192,person_3832
R33,work_629,person_241,person_3836
R33,work_624,person_241,person_3836
R33,work_629,person_241,person_3836
R33,work_4824,person_1947,person_3894
R33,work_625,person_241,person_3836
R34,work_5595,person_2430,person_3904
R34,work_3543,person_1423,person_3881
R34,work_1603,person_447,person_3848
R34,work_1153,person_352,person_3841
R38,work_1428,person_425,person_3846
R39,work_98,person_58,person_3823
R39,work_97,person_58,person_3823
R4,work_3312,person_1361,person_3875
R42,work_3546,person_1423,person_3881
R58,work_1724,person_505,person_3851
R6,work_3823,person_1517,person_3883
R6,work_3823,person_1517,person_3883
R6,work_2153,person_714,person_3858
R6,work_3865,person_1517,person_3883
R6,work_3857,person_1517,person_3883
R6,work_3852,person_1517,person_3883
R6,work_3843,person_1517,person_3883
R6,work_3830,person_1517,person_3883
R6,work_3859,person_1517,person_3883
R6,work_3844,person_1517,person_3883
R6,work_3839,person_1517,person_3883
R6,work_3864,person_1517,person_3883
R6,work_3835,person_1517,person_3883
R6,work_3850,person_1517,person_3883
R6,work_3837,person_1517,person_3883
R6,work_3841,person_1517,person_3883
R6,work_3860,person_1517,person_3883
R6,work_3838,person_1517,person_3883
R6,work_3864,person_1517,person_3883
R6,work_3823,person_1517,person_3883
R6,work_3847,person_1517,person_3883
R6,work_3828,person_1517,person_3883
R6,work_3861,person_1517,person_3883
R6,work_3861,person_1517,person_3883
R6,work_3832,person_1517,person_3883
R6,work_3826,person_1517,person_3883
R6,work_3827,person_1517,person_3883
R6,work_3834,person_1517,person_3883
R6,work_3845,person_1517,person_3883
R6,work_3839,person_1517,person_3883
R6,work_3839,person_1517,person_3883
R6,work_3849,person_1517,person_3883
R6,work_7042,person_3093,person_3925
R6,work_3853,person_1517,person_3883
R6,work_3856,person_1517,person_3883
R6,work_3853,person_1517,person_3883
R7,work_1479,person_426,person_3847
R7,work_1489,person_426,person_3847
R7,work_1491,person_426,person_3847
R7,work_1477,person_426,person_3847
R7,work_1481,person_426,person_3847
R7,work_1486,person_426,person_3847
R7,work_1480,person_426,person_3847
R7,work_1483,person_426,person_3847
R77,work_5286,person_2248,person_3900
R79,work_1157,person_352,person_3841
R8,work_4822,person_1947,person_3894
R8,work_4820,person_1947,person_3894
R8,work_4824,person_1947,person_3894
R8,work_1139,person_352,person_3841
R8,work_1154,person_352,person_3841
R83,work_7040,person_3093,person_3925
R83,work_7039,person_3093,person_3925
R83,work_7038,person_3093,person_3925
R83,work_7041,person_3093,person_3925
R83,work_7042,person_3093,person_3925
R84,work_6989,person_3061,person_3924
R85,work_6338,person_2794,person_3918
R9,work_4134,person_1634,person_3886
R9,work_4142,person_1634,person_3886
R9,work_1139,person_352,person_3841
R9,work_4145,person_1634,person_3886
R9,work_4136,person_1634,person_3886
R9,work_4143,person_1634,person_3886
R9,work_4144,person_1634,person_3886
R9,work_4135,person_1634,person_3886
R9,work_4155,person_1634,person_3886
R9,work_4147,person_1634,person_3886
R9,work_4145,person_1634,person_3886
R9,work_4156,person_1634,person_3886
R9,work_4151,person_1634,person_3886
R97,work_3546,person_1423,person_3881
R97,work_3545,person_1423,person_3881
R97,work_3546,person_1423,person_3881
S1,work_7041,person_3093,person_3925
S11,work_3363,person_1368,person_3877
S12,work_7041,person_3093,person_3925
S14,work_806,person_319,person_3838
S14,work_808,person_319,person_3838
S14,work_811,person_319,person_3838
S14,work_815,person_319,person_3838
S14,work_818,person_319,person_3838
S14,work_824,person_319,person_3838
S19,work_491,person_192,person_3832
S2,work_7041,person_3093,person_3925
S2,work_491,person_192,person_3832
S21,work_1165,person_352,person_3841
S21,work_1175,person_352,person_3841
S21,work_3836,person_1517,person_3883
S21,work_4133,person_1634,person_3886
S21,work_4137,person_1634,person_3886
S21,work_4149,person_1634,person_3886
S21,work_4150,person_1634,person_3886
S21,work_4152,person_1634,person_3886
S21,work_6252,person_2746,person_3916
S21,work_320,person_129,person_3828
S4,work_1977,person_615,person_3855
S6,work_1723,person_505,person_3851
S6,work_822,person_319,person_3838
S6,work_211,person_95,person_3826
S6,work_1185,person_352,person_3841
SC204,work_4155,person_1634,person_3886
SC212,work_2907,person_1157,person_3873
SC212,work_7466,person_3340,person_3932
SC212,work_1723,person_505,person_3851
SC217,work_4155,person_1634,person_3886
SC217,work_1603,person_447,person_3848
SC229,work_2746,person_1056,person_3870
SC233,work_5595,person_2430,person_3904
SC233,work_3839,person_1517,person_3883
SC244,work_4155,person_1634,person_3886
SC281,work_4247,person_1670,person_3888
SC283,work_1610,person_447,person_3848
SC283,work_5835,person_2544,person_3906
SC283,work_1150,person_352,person_3841
SC283,work_3862,person_1517,person_3883
SC283,work_4155,person_1634,person_3886
SC288,work_2152,person_714,person_3858
SC288,work_1150,person_352,person_3841
SC288,work_1603,person_447,person_3848
SC288,work_6989,person_3061,person_3924
SC288,work_4197,person_1652,person_3887
SC288,work_2907,person_1157,person_3873
SC290,work_4155,person_1634,person_3886
SC290,work_1603,person_447,person_3848
SC302,work_4155,person_1634,person_3886
SC304,work_3477,person_1422,person_3880
SC314,work_1131,person_352,person_3841
SC314,work_1150,person_352,person_3841
SC314,work_6775,person_2973,person_3922
SC314,work_6776,person_2973,person_3922
SC314,work_7479,person_3340,person_3932
SC314,work_7046,person_3094,person_3926
SC330,work_1723,person_505,person_3851
SC330,work_7038,person_3093,person_3925
SC332,work_1157,person_352,person_3841
SC334,work_1157,person_352,person_3841
SC334,work_1603,person_447,person_3848
SC334,work_7478,person_3340,person_3932
SC335,work_4155,person_1634,person_3886
SC335,work_1723,person_505,person_3851
SC338,work_7038,person_3093,person_3925
SC339,work_7917,person_3624,person_3942
SC346,work_1281,person_366,person_3844
SH101,work_4155,person_1634,person_3886
SH33,work_4155,person_1634,person_3886
SH62,work_1594,person_447,person_3848
SH65,work_1188,person_352,person_3841
SH65,work_1594,person_447,person_3848
SH88,work_4155,person_1634,person_3886
SS1,work_26,person_18,person_3822
SS1,work_7065,person_3108,person_3928
SS1,work_1723,person_505,person_3851
SS1,work_4821,person_1947,person_3894
SS1,work_713,person_299,person_3837
SS1,work_3357,person_1368,person_3877
SS1,work_4566,person_1835,person_3891
SS1,work_6320,person_2779,person_3917
SS1,work_6320,person_2779,person_3917
SS1,work_6320,person_2779,person_3917
SS1,work_6249,person_2743,person_3915
SS1,work_322,person_129,person_3828
SS1,work_1984,person_616,person_3856
SS1,work_805,person_319,person_3838
SS1,work_806,person_319,person_3838
SS1,work_808,person_319,person_3838
SS1,work_811,person_319,person_3838
SS1,work_812,person_319,person_3838
SS1,work_818,person_319,person_3838
SS1,work_824,person_319,person_3838
SS1,work_321,person_129,person_3828
SS1,work_827,person_319,person_3838
SS1,work_321,person_129,person_3828
SS1,work_827,person_319,person_3838
SS1,work_6194,person_2700,person_3914
SS1,work_7466,person_3340,person_3932
SS1,work_7466,person_3340,person_3932
SS1,work_1150,person_352,person_3841
SS1,work_7467,person_3340,person_3932
SS1,work_341,person_137,person_3829
SS1,work_4245,person_1670,person_3888
SS1,work_1147,person_352,person_3841
SS1,work_1139,person_352,person_3841
SS1,work_5286,person_2248,person_3900
SS1,work_5596,person_2430,person_3904
SS1,work_625,person_241,person_3836
SS1,work_1139,person_352,person_3841
SS1,work_3839,person_1517,person_3883
SS1,work_1723,person_505,person_3851
SS1,work_1610,person_447,person_3848
SS1,work_1168,person_352,person_3841
SS1,work_1168,person_352,person_3841
SS1,work_211,person_95,person_3826
SS1,work_4155,person_1634,person_3886
SS1,work_5597,person_2430,person_3904
SS1,work_4155,person_1634,person_3886
SS1,work_3828,person_1517,person_3883
SS1,work_4155,person_1634,person_3886
SS1,work_4155,person_1634,person_3886
SS1,work_3828,person_1517,person_3883
SS1,work_5595,person_2430,person_3904
SS1,work_4155,person_1634,person_3886
SS1,work_2165,person_717,person_3860
SS1,work_4155,person_1634,person_3886
SS1,work_3823,person_1517,person_3883
SS1,work_3828,person_1517,person_3883
SS1,work_209,person_95,person_3826
SS1,work_491,person_192,person_3832
SS1,work_3829,person_1517,person_3883
SS1,work_3544,person_1423,person_3881
SS1,work_491,person_192,person_3832
SS1,work_634,person_241,person_3836
SS1,work_1603,person_447,person_3848
SS1,work_1610,person_447,person_3848
SS1,work_1767,person_511,person_3852
SS1,work_4197,person_1652,person_3887
SS1,work_5286,person_2248,person_3900
SS1,work_3844,person_1517,person_3883
SS1,work_3892,person_1522,person_3884
SS1,work_1159,person_352,person_3841
SS1,work_2167,person_718,person_3861
SS1,work_2907,person_1157,person_3873
SS1,work_1188,person_352,person_3841
SS1,work_491,person_192,person_3832
SS1,work_1166,person_352,person_3841
SS1,work_1596,person_447,person_3848
SS1,work_1603,person_447,person_3848
SS1,work_1775,person_511,person_3852
SS1,work_3846,person_1517,person_3883
SS1,work_621,person_241,person_3836
SS1,work_1775,person_511,person_3852
SS1,work_1603,person_447,person_3848
SS1,work_1604,person_447,person_3848
SS1,work_870,person_345,person_3840
SS1,work_3858,person_1517,person_3883
SS1,work_870,person_345,person_3840
SS1,work_3858,person_1517,person_3883
SS1,work_870,person_345,person_3840
SS1,work_3858,person_1517,person_3883
SS1,work_1139,person_352,person_3841
SS1,work_1159,person_352,person_3841
SS1,work_3855,person_1517,person_3883
SS1,work_7480,person_3340,person_3932
SS1,work_1775,person_511,person_3852
SS1,work_5835,person_2544,person_3906
SS1,work_1159,person_352,person_3841
SS1,work_1135,person_352,person_3841
SS1,work_1603,person_447,person_3848
SS1,work_1610,person_447,person_3848
SS1,work_1775,person_511,person_3852
SS1,work_3858,person_1517,person_3883
SS1,work_1610,person_447,person_3848
SS1,work_7531,person_3358,person_3933
SS1,work_1603,person_447,person_3848
SS1,work_1774,person_511,person_3852
SS1,work_1775,person_511,person_3852
SS1,work_1604,person_447,person_3848
SS1,work_634,person_241,person_3836
SS1,work_1140,person_352,person_3841
SS1,work_1153,person_352,person_3841
SS1,work_5835,person_2544,person_3906
SS1,work_1603,person_447,person_3848
SS1,work_1610,person_447,person_3848
SS1,work_1159,person_352,person_3841
SS1,work_2501,person_913,person_3867
SS1,work_1135,person_352,person_3841
SS1,work_215,person_95,person_3826
SS1,work_1596,person_447,person_3848
SS1,work_1603,person_447,person_3848
SS1,work_1610,person_447,person_3848
SS1,work_1135,person_352,person_3841
SS1,work_1166,person_352,person_3841
SS1,work_487,person_192,person_3832
SS1,work_1159,person_352,person_3841
SS1,work_4493,person_1799,person_3890
SS1,work_1428,person_425,person_3846
SS1,work_1604,person_447,person_3848
SS1,work_1596,person_447,person_3848
SS1,work_1603,person_447,person_3848
SS1,work_1610,person_447,person_3848
SS1,work_1762,person_511,person_3852
SS1,work_1153,person_352,person_3841
SS1,work_1131,person_352,person_3841
SS1,work_1610,person_447,person_3848
SS1,work_1165,person_352,person_3841
SS1,work_1134,person_352,person_3841
SS1,work_1135,person_352,person_3841
SS1,work_1139,person_352,person_3841
SS1,work_1150,person_352,person_3841
SS1,work_1183,person_352,person_3841
SS1,work_1603,person_447,person_3848
SS1,work_1610,person_447,person_3848
SS1,work_1775,person_511,person_3852
SS1,work_1159,person_352,person_3841
SS1,work_4135,person_1634,person_3886
SS1,work_1162,person_352,person_3841
SS1,work_1146,person_352,person_3841
SS1,work_1157,person_352,person_3841
SS1,work_3822,person_1517,person_3883
SS1,work_3826,person_1517,person_3883
SS1,work_3827,person_1517,person_3883
SS1,work_3832,person_1517,person_3883
SS1,work_3834,person_1517,person_3883
SS1,work_3837,person_1517,person_3883
SS1,work_3841,person_1517,person_3883
SS1,work_3845,person_1517,person_3883
SS1,work_3850,person_1517,person_3883
SS1,work_3861,person_1517,person_3883
SS1,work_7041,person_3093,person_3925
SS1,work_1134,person_352,person_3841
SS1,work_1150,person_352,person_3841
SS1,work_4824,person_1947,person_3894
SS1,work_2150,person_714,person_3858
SS1,work_2151,person_714,person_3858
SS1,work_2152,person_714,person_3858
SS1,work_2154,person_714,person_3858
SS1,work_2155,person_714,person_3858
SS1,work_1160,person_352,person_3841
SS1,work_6773,person_2973,person_3922
SS1,work_1147,person_352,person_3841
SS1,work_1150,person_352,person_3841
SS1,work_1596,person_447,person_3848
SS1,work_3839,person_1517,person_3883
SS1,work_1152,person_352,person_3841
SS1,work_1145,person_352,person_3841
SS1,work_1131,person_352,person_3841
SS1,work_1139,person_352,person_3841
SS1,work_1592,person_447,person_3848
SS1,work_1602,person_447,person_3848
SS1,work_5596,person_2430,person_3904
SS1,work_1603,person_447,person_3848
SS1,work_2996,person_1193,person_3874
SS1,work_4135,person_1634,person_3886
SS1,work_4143,person_1634,person_3886
SS1,work_4144,person_1634,person_3886
SS1,work_7038,person_3093,person_3925
SS1,work_7039,person_3093,person_3925
SS1,work_7531,person_3358,person_3933
SS1,work_1166,person_352,person_3841
SS1,work_6067,person_2643,person_3911
SS1,work_7042,person_3093,person_3925
SS1,work_7037,person_3093,person_3925
SS1,work_7040,person_3093,person_3925
SS1,work_7702,person_3467,person_3938
SS1,work_1597,person_447,person_3848
SS1,work_1767,person_511,person_3852
SS1,work_1139,person_352,person_3841
SS1,work_1159,person_352,person_3841
SS1,work_1976,person_615,person_3855
SS1,work_7476,person_3340,person_3932
SS1,work_7478,person_3340,person_3932
SS1,work_7482,person_3340,person_3932
SS1,work_4135,person_1634,person_3886
SS1,work_5286,person_2248,person_3900
SS1,work_7477,person_3340,person_3932
SS1,work_491,person_192,person_3832
SS1,work_630,person_241,person_3836
SS1,work_1140,person_352,person_3841
SS1,work_1148,person_352,person_3841
SS1,work_1152,person_352,person_3841
SS1,work_1153,person_352,person_3841
SS1,work_1159,person_352,person_3841
SS1,work_1161,person_352,person_3841
SS1,work_1166,person_352,person_3841
SS1,work_1179,person_352,person_3841
SS1,work_1492,person_426,person_3847
SS1,work_1603,person_447,person_3848
SS1,work_1604,person_447,person_3848
SS1,work_3435,person_1398,person_3879
SS1,work_5596,person_2430,person_3904
SS1,work_1135,person_352,person_3841
SS1,work_1139,person_352,person_3841
SS1,work_1140,person_352,person_3841
SS1,work_1152,person_352,person_3841
SS1,work_1153,person_352,person_3841
SS1,work_1165,person_352,person_3841
SS1,work_1166,person_352,person_3841
SS1,work_1179,person_352,person_3841
SS1,work_1604,person_447,person_3848
SS1,work_495,person_192,person_3832
SS1,work_487,person_192,person_3832
SS1,work_6773,person_2973,person_3922
SS1,work_4144,person_1634,person_3886
SS1,work_6773,person_2973,person_3922
SS1,work_7917,person_3624,person_3942
SS1,work_7741,person_3484,person_3940
SS1,work_7041,person_3093,person_3925
SS1,work_7597,person_3396,person_3936
SS1,work_7040,person_3093,person_3925
SS1,work_1188,person_352,person_3841
SS1,work_1603,person_447,person_3848
SS1,work_3846,person_1517,person_3883
SS1,work_3927,person_1537,person_3885
SS1,work_4144,person_1634,person_3886
SS1,work_7037,person_3093,person_3925
SS1,work_7038,person_3093,person_3925
SS1,work_7040,person_3093,person_3925
SS1,work_7042,person_3093,person_3925
SS1,work_811,person_319,person_3838
SS1,work_3846,person_1517,person_3883
SS1,work_1133,person_352,person_3841
SS1,work_1150,person_352,person_3841
SS1,work_5256,person_2228,person_3898
SS1,work_7040,person_3093,person_3925
SS1,work_3862,person_1517,person_3883
SS1,work_6989,person_3061,person_3924
SS1,work_7468,person_3340,person_3932
SS1,work_3311,person_1361,person_3875
SS1,work_4155,person_1634,person_3886
SS1,work_1139,person_352,person_3841
SS1,work_5835,person_2544,person_3906
SS1,work_1144,person_352,person_3841
SS1,work_4155,person_1634,person_3886
SS1,work_216,person_95,person_3826
SS1,work_1150,person_352,person_3841
SS1,work_1183,person_352,person_3841
SS1,work_5265,person_2234,person_3899
SS1,work_5996,person_2605,person_3909
SS1,work_5996,person_2605,person_3909
SS1,work_5995,person_2605,person_3909
SS1,work_6769,person_2973,person_3922
SS1,work_5995,person_2605,person_3909
SS1,work_4493,person_1799,person_3890
SS1,work_1188,person_352,person_3841
SS1,work_7477,person_3340,person_3932
SS1,work_7477,person_3340,person_3932
SS1,work_1428,person_425,person_3846
SS1,work_1977,person_615,person_3855
SS1,work_99,person_58,person_3823
SS1,work_1157,person_352,person_3841
SS1,work_1622,person_451,person_3849
SS1,work_1150,person_352,person_3841
SS1,work_7042,person_3093,person_3925
SS2,work_1723,person_505,person_3851
SS2,work_3358,person_1368,person_3877
SS2,work_4247,person_1670,person_3888
SS2,work_1146,person_352,person_3841
SS2,work_1150,person_352,person_3841
SS2,work_5286,person_2248,person_3900
SS2,work_1610,person_447,person_3848
SS2,work_1775,person_511,person_3852
SS2,work_4135,person_1634,person_3886
SS2,work_1148,person_352,person_3841
SS2,work_1603,person_447,person_3848
SS2,work_1610,person_447,person_3848
SS2,work_1774,person_511,person_3852
SS2,work_1596,person_447,person_3848
SS2,work_1610,person_447,person_3848
SS2,work_1775,person_511,person_3852
SS2,work_1159,person_352,person_3841
SS2,work_1604,person_447,person_3848
SS2,work_1610,person_447,person_3848
SS2,work_1775,person_511,person_3852
SS2,work_4135,person_1634,person_3886
SS2,work_5596,person_2430,person_3904
SS2,work_1610,person_447,person_3848
SS2,work_1131,person_352,person_3841
SS2,work_6773,person_2973,person_3922
SS2,work_1139,person_352,person_3841
SS2,work_491,person_192,person_3832
SS2,work_1131,person_352,person_3841
SS2,work_1153,person_352,person_3841
SS2,work_2152,person_714,person_3858
SS2,work_4493,person_1799,person_3890
SS2,work_1165,person_352,person_3841
SS2,work_7037,person_3093,person_3925
SS2,work_1139,person_352,person_3841
SS2,work_1153,person_352,person_3841
SS2,work_1179,person_352,person_3841
SS2,work_4135,person_1634,person_3886
SS2,work_1159,person_352,person_3841
SS2,work_1653,person_463,person_3850
SS2,work_1139,person_352,person_3841
SS2,work_1179,person_352,person_3841
SS2,work_1188,person_352,person_3841
SS2,work_1603,person_447,person_3848
SS2,work_1157,person_352,person_3841
SS2,work_1492,person_426,person_3847
SS2,work_1135,person_352,person_3841
SS2,work_1603,person_447,person_3848
SS2,work_7042,person_3093,person_3925
SS2,work_1603,person_447,person_3848
SS2,work_5596,person_2430,person_3904
SS2,work_1150,person_352,person_3841
SS2,work_1183,person_352,person_3841
SS2,work_1188,person_352,person_3841
SS2,work_1131,person_352,person_3841
SS2,work_1775,person_511,person_3852
SS2,work_1622,person_451,person_3849
SS2,work_1140,person_352,person_3841
SS2,work_5835,person_2544,person_3906
UC10,work_827,person_319,person_3838
UC10,work_6320,person_2779,person_3917
UC11,work_1723,person_505,person_3851
UC115,work_2907,person_1157,person_3873
UC13,work_7741,person_3484,person_3940
UC15,work_7116,person_3156,person_3929
UC15,work_2329,person_826,person_3864
UC15,work_7116,person_3156,person_3929
UC15,work_6770,person_2973,person_3922
UC15,work_6782,person_2973,person_3922
UC165,work_4155,person_1634,person_3886
UC18,work_7042,person_3093,person_3925
UC18,work_7041,person_3093,person_3925
UC18,work_7040,person_3093,person_3925
UC18,work_7037,person_3093,person_3925
UC19,work_4155,person_1634,person_3886
UC19,work_1139,person_352,person_3841
UC19,work_1152,person_352,person_3841
UC19,work_1163,person_352,person_3841
UC19,work_828,person_319,person_3838
UC19,work_1764,person_511,person_3852
UC19,work_5286,person_2248,person_3900
UC19,work_1774,person_511,person_3852
UC19,work_811,person_319,person_3838
UC19,work_822,person_319,person_3838
UC19,work_1723,person_505,person_3851
UC2,work_1159,person_352,person_3841
UC2,work_2167,person_718,person_3861
UC2,work_4155,person_1634,person_3886
UC2,work_1139,person_352,person_3841
UC2,work_4155,person_1634,person_3886
UC2,work_1153,person_352,person_3841
UC2,work_1428,person_425,person_3846
UC2,work_2993,person_1193,person_3874
UC2,work_3833,person_1517,person_3883
UC2,work_3854,person_1517,person_3883
UC2,work_6773,person_2973,person_3922
UC2,work_806,person_319,person_3838
UC2,work_826,person_319,person_3838
UC2,work_4821,person_1947,person_3894
UC22,work_1601,person_447,person_3848
UC22,work_215,person_95,person_3826
UC22,work_1723,person_505,person_3851
UC26,work_1723,person_505,person_3851
UC26,work_824,person_319,person_3838
UC26,work_824,person_319,person_3838
UC27,work_1978,person_615,person_3855
UC27,work_5286,person_2248,person_3900
UC29,work_7479,person_3340,person_3932
UC29,work_3546,person_1423,person_3881
UC29,work_1977,person_615,person_3855
UC29,work_6338,person_2794,person_3918
UC3,work_1131,person_352,person_3841
UC3,work_1139,person_352,person_3841
UC3,work_1145,person_352,person_3841
UC3,work_1146,person_352,person_3841
UC3,work_1150,person_352,person_3841
UC3,work_1152,person_352,person_3841
UC3,work_1153,person_352,person_3841
UC3,work_1163,person_352,person_3841
UC3,work_1170,person_352,person_3841
UC3,work_1428,person_425,person_3846
UC3,work_4144,person_1634,person_3886
UC3,work_6773,person_2973,person_3922
UC3,work_3856,person_1517,person_3883
UC3,work_4155,person_1634,person_3886
UC3,work_3823,person_1517,person_3883
UC30,work_7741,person_3484,person_3940
UC30,work_4155,person_1634,person_3886
UC4,work_7741,person_3484,person_3940
UC43,work_5257,person_2228,person_3898
UC43,work_4155,person_1634,person_3886
UC43,work_1723,person_505,person_3851
UC43,work_7917,person_3624,person_3942
UC44,work_2995,person_1193,person_3874
UC44,work_7917,person_3624,person_3942
UC45,work_5995,person_2605,person_3909
UC45,work_5996,person_2605,person_3909
UC45,work_2329,person_826,person_3864
UC45,work_2328,person_826,person_3864
UC46,work_1977,person_615,person_3855
UC47,work_4155,person_1634,person_3886
UC47,work_1603,person_447,person_3848
UC47,work_1723,person_505,person_3851
UC47,work_5257,person_2228,person_3898
UC47,work_5995,person_2605,person_3909
UC47,work_5996,person_2605,person_3909
UC47,work_1723,person_505,person_3851
UC47,work_7917,person_3624,person_3942
UC47,work_6773,person_2973,person_3922
UC47,work_1984,person_616,person_3856
UC47,work_6989,person_3061,person_3924
UC48,work_3544,person_1423,person_3881
UC48,work_1603,person_447,person_3848
UC48,work_2993,person_1193,person_3874
UC48,work_2994,person_1193,person_3874
UC48,work_818,person_319,person_3838
UC48,work_4155,person_1634,person_3886
UC48,work_1163,person_352,person_3841
UC48,work_1153,person_352,person_3841
UC48,work_3833,person_1517,person_3883
UC48,work_3854,person_1517,person_3883
UC48,work_1595,person_447,person_3848
UC48,work_1763,person_511,person_3852
UC48,work_3839,person_1517,person_3883
UC48,work_1139,person_352,person_3841
UC48,work_1151,person_352,person_3841
UC48,work_1428,person_425,person_3846
UC48,work_1149,person_352,person_3841
UC48,work_1150,person_352,person_3841
UC48,work_1152,person_352,person_3841
UC48,work_1153,person_352,person_3841
UC48,work_1163,person_352,person_3841
UC48,work_1185,person_352,person_3841
UC48,work_621,person_241,person_3836
UC48,work_1144,person_352,person_3841
UC48,work_1180,person_352,person_3841
UC48,work_1188,person_352,person_3841
UC48,work_1150,person_352,person_3841
UC48,work_1152,person_352,person_3841
UC48,work_1157,person_352,person_3841
UC48,work_487,person_192,person_3832
UC48,work_491,person_192,person_3832
UC48,work_489,person_192,person_3832
UC48,work_1131,person_352,person_3841
UC48,work_1172,person_352,person_3841
UC48,work_4824,person_1947,person_3894
UC48,work_1134,person_352,person_3841
UC48,work_1150,person_352,person_3841
UC48,work_1428,person_425,person_3846
UC48,work_4142,person_1634,person_3886
UC48,work_6781,person_2973,person_3922
UC48,work_806,person_319,person_3838
UC48,work_808,person_319,person_3838
UC48,work_815,person_319,person_3838
UC48,work_824,person_319,person_3838
UC48,work_805,person_319,person_3838
UC48,work_806,person_319,person_3838
UC48,work_809,person_319,person_3838
UC48,work_811,person_319,person_3838
UC48,work_815,person_319,person_3838
UC48,work_814,person_319,person_3838
UC48,work_2479,person_905,person_3866
UC48,work_6899,person_3008,person_3923
UC48,work_818,person_319,person_3838
UC48,work_4824,person_1947,person_3894
UC48,work_6338,person_2794,person_3918
UC48,work_1723,person_505,person_3851
UC48,work_7040,person_3093,person_3925
UC48,work_7041,person_3093,person_3925
UC48,work_805,person_319,person_3838
UC48,work_806,person_319,person_3838
UC48,work_808,person_319,person_3838
UC48,work_811,person_319,person_3838
UC48,work_812,person_319,person_3838
UC48,work_815,person_319,person_3838
UC48,work_824,person_319,person_3838
UC48,work_826,person_319,person_3838
UC48,work_1156,person_352,person_3841
UC48,work_565,person_227,person_3835
UC48,work_1977,person_615,person_3855
UC48,work_218,person_95,person_3826
UC48,work_812,person_319,person_3838
UC48,work_8184,person_3760,person_3945
UC48,work_1594,person_447,person_3848
UC48,work_4821,person_1947,person_3894
UC48,work_6320,person_2779,person_3917
UC48,work_7116,person_3156,person_3929
UC48,work_1318,person_373,person_3845
UC48,work_1780,person_513,person_3853
UC48,work_2769,person_1070,person_3871
UC48,work_2770,person_1070,person_3871
UC48,work_6896,person_3008,person_3923
UC48,work_6904,person_3008,person_3923
UC48,work_1604,person_447,person_3848
UC48,work_1135,person_352,person_3841
UC48,work_1166,person_352,person_3841
UC48,work_1603,person_447,person_3848
UC48,work_614,person_241,person_3836
UC48,work_621,person_241,person_3836
UC48,work_628,person_241,person_3836
UC48,work_1428,person_425,person_3846
UC49,work_803,person_319,person_3838
UC49,work_824,person_319,person_3838
UC49,work_830,person_319,person_3838
UC49,work_6433,person_2844,person_3920
UC49,work_6432,person_2844,person_3920
UC49,work_6323,person_2779,person_3917
UC49,work_6899,person_3008,person_3923
UC49,work_2479,person_905,person_3866
UC49,work_7116,person_3156,person_3929
UC49,work_2480,person_905,person_3866
UC49,work_6897,person_3008,person_3923
UC50,work_1977,person_615,person_3855
UC50,work_4197,person_1652,person_3887
UC50,work_2501,person_913,person_3867
UC50,work_4155,person_1634,person_3886
UC50,work_6773,person_2973,person_3922
UC50,work_1774,person_511,person_3852
UC52,work_6782,person_2973,person_3922
UC53,work_3823,person_1517,person_3883
UC53,work_4155,person_1634,person_3886
UC53,work_822,person_319,person_3838
UC55,work_2907,person_1157,person_3873
UC55,work_4197,person_1652,person_3887
UC55,work_7466,person_3340,person_3932
UC56,work_3823,person_1517,person_3883
UC57,work_1166,person_352,person_3841
UC57,work_1603,person_447,person_3848
UC6,work_6779,person_2973,person_3922
UC7,work_7040,person_3093,person_3925
UC7,work_6773,person_2973,person_3922
UC7,work_6773,person_2973,person_3922
UC7,work_1150,person_352,person_3841
UC7,work_1428,person_425,person_3846
UC7,work_1483,person_426,person_3847
UC7,work_3839,person_1517,person_3883
UC7,work_3826,person_1517,person_3883
UC7,work_3832,person_1517,person_3883
UC7,work_3861,person_1517,person_3883
UC7,work_5286,person_2248,person_3900
UC7,work_3545,person_1423,person_3881
UC7,work_5286,person_2248,person_3900
UC7,work_6779,person_2973,person_3922
UC7,work_1163,person_352,person_3841
UC7,work_320,person_129,person_3828
UC7,work_821,person_319,person_3838
UC7,work_825,person_319,person_3838
UC9,work_4155,person_1634,person_3886
UO1,work_808,person_319,person_3838
UO1,work_219,person_95,person_3826
UO1,work_1977,person_615,person_3855
UO10,work_4819,person_1947,person_3894
UO11,work_2747,person_1056,person_3870
UO12,work_1150,person_352,person_3841
UO13,work_3823,person_1517,person_3883
UO13,work_6900,person_3008,person_3923
UO13,work_4247,person_1670,person_3888
UO13,work_214,person_95,person_3826
UO17,work_7741,person_3484,person_3940
UO17,work_2907,person_1157,person_3873
UO17,work_2907,person_1157,person_3873
UO18,work_5996,person_2605,person_3909
UO2,work_1163,person_352,person_3841
UO21,work_3826,person_1517,person_3883
UO21,work_3832,person_1517,person_3883
UO21,work_3856,person_1517,person_3883
UO21,work_3861,person_1517,person_3883
UO21,work_1978,person_615,person_3855
UO22,work_3382,person_1385,person_3878
UO22,work_6338,person_2794,person_3918
UO22,work_3434,person_1398,person_3879
UO22,work_3828,person_1517,person_3883
UO22,work_1592,person_447,person_3848
UO22,work_3926,person_1537,person_3885
UO22,work_3929,person_1537,person_3885
UO22,work_6779,person_2973,person_3922
UO22,work_6780,person_2973,person_3922
UO22,work_217,person_95,person_3826
UO22,work_823,person_319,person_3838
UO22,work_6164,person_2691,person_3913
UO22,work_6161,person_2691,person_3913
UO23,work_6107,person_2669,person_3912
UO23,work_1977,person_615,person_3855
UO23,work_1766,person_511,person_3852
UO23,work_1778,person_511,person_3852
UO23,work_1777,person_511,person_3852
UO23,work_1771,person_511,person_3852
UO23,work_1768,person_511,person_3852
UO23,work_1767,person_511,person_3852
UO23,work_1770,person_511,person_3852
UO23,work_1765,person_511,person_3852
UO23,work_1760,person_511,person_3852
UO24,work_5651,person_2449,person_3905
UO24,work_104,person_61,person_3824
UO24,work_1975,person_615,person_3855
UO24,work_1977,person_615,person_3855
UO24,work_1984,person_616,person_3856
UO24,work_6338,person_2794,person_3918
UO25,work_7917,person_3624,person_3942
UO25,work_1157,person_352,person_3841
UO25,work_826,person_319,person_3838
UO25,work_2907,person_1157,person_3873
UO25,work_530,person_206,person_3833
UO25,work_320,person_129,person_3828
UO25,work_807,person_319,person_3838
UO25,work_825,person_319,person_3838
UO25,work_6320,person_2779,person_3917
UO3,work_1603,person_447,person_3848
UO30,work_6162,person_2691,person_3913
UO31,work_825,person_319,person_3838
UO33,work_7741,person_3484,person_3940
UO33,work_825,person_319,person_3838
UO33,work_320,person_129,person_3828
UO33,work_1723,person_505,person_3851
UO33,work_1276,person_365,person_3843
UO33,work_1276,person_365,person_3843
UO33,work_6338,person_2794,person_3918
UO33,work_1977,person_615,person_3855
UO33,work_5085,person_2128,person_3896
UO33,work_6338,person_2794,person_3918
UO33,work_1723,person_505,person_3851
UO33,work_7467,person_3340,person_3932
UO33,work_5596,person_2430,person_3904
UO33,work_2165,person_717,person_3860
UO33,work_530,person_206,person_3833
UO35,work_826,person_319,person_3838
UO35,work_1603,person_447,person_3848
UO35,work_7042,person_3093,person_3925
UO38,work_4155,person_1634,person_3886
UO38,work_6338,person_2794,person_3918
UO38,work_1276,person_365,person_3843
UO38,work_6989,person_3061,person_3924
UO38,work_1975,person_615,person_3855
UO38,work_1984,person_616,person_3856
UO38,work_26,person_18,person_3822
UO38,work_1139,person_352,person_3841
UO39,work_4155,person_1634,person_3886
UO3A,work_1483,person_426,person_3847
UO4,work_6779,person_2973,person_3922
UO42,work_1984,person_616,person_3856
UO43,work_7741,person_3484,person_3940
UO43,work_7741,person_3484,person_3940
UO43,work_5995,person_2605,person_3909
UO45,work_6900,person_3008,person_3923
UO45,work_6900,person_3008,person_3923
UO46,work_818,person_319,person_3838
UO46,work_1723,person_505,person_3851
UO46,work_806,person_319,person_3838
UO46,work_811,person_319,person_3838
UO46,work_812,person_319,person_3838
UO46,work_826,person_319,person_3838
UO46,work_5948,person_2580,person_3908
UO46,work_812,person_319,person_3838
UO46,work_818,person_319,person_3838
UO46,work_818,person_319,person_3838
UO47,work_1157,person_352,person_3841
UO47,work_1134,person_352,person_3841
UO47,work_1139,person_352,person_3841
UO47,work_1150,person_352,person_3841
UO47,work_1157,person_352,person_3841
UO47,work_1150,person_352,person_3841
UO47,work_1603,person_447,person_3848
UO47,work_4155,person_1634,person_3886
UO49,work_1316,person_373,person_3845
UO49,work_6320,person_2779,person_3917
UO49,work_618,person_241,person_3836
UO51,work_818,person_319,person_3838
UO55,work_1150,person_352,person_3841
UO55,work_823,person_319,person_3838
UO59,work_1602,person_447,person_3848
UO59,work_3831,person_1517,person_3883
UO59,work_487,person_192,person_3832
UO59,work_4136,person_1634,person_3886
UO59,work_4143,person_1634,person_3886
UO59,work_4144,person_1634,person_3886
UO59,work_4156,person_1634,person_3886
UO59,work_5835,person_2544,person_3906
UO59,work_5836,person_2544,person_3906
UO59,work_1977,person_615,person_3855
UO6,work_1603,person_447,person_3848
UO6,work_1131,person_352,person_3841
UO6,work_3828,person_1517,person_3883
UO6,work_6773,person_2973,person_3922
UO6,work_214,person_95,person_3826
UO66,work_1603,person_447,person_3848
UO67,work_3434,person_1398,person_3879
UO67,work_6902,person_3008,person_3923
UO67,work_6901,person_3008,person_3923
UO67,work_6898,person_3008,person_3923
UO68,work_1483,person_426,person_3847
UO68,work_211,person_95,person_3826
UO68,work_6773,person_2973,person_3922
UO68,work_4155,person_1634,person_3886
UO68,work_1760,person_511,person_3852
UO68,work_1134,person_352,person_3841
UO68,work_1145,person_352,person_3841
UO68,work_5835,person_2544,person_3906
UO68,work_3827,person_1517,person_3883
UO68,work_3832,person_1517,person_3883
UO68,work_3834,person_1517,person_3883
UO68,work_3849,person_1517,person_3883
UO68,work_3861,person_1517,person_3883
UO68,work_1603,person_447,person_3848
UO68,work_7042,person_3093,person_3925
UO68,work_6898,person_3008,person_3923
UO68,work_826,person_319,person_3838
UO68,work_1180,person_352,person_3841
UO68,work_3476,person_1422,person_3880
UO68,work_3476,person_1422,person_3880
UO68,work_4155,person_1634,person_3886
UO68,work_4157,person_1634,person_3886
UO68,work_4566,person_1835,person_3891
UO7,work_4155,person_1634,person_3886
UO7,work_813,person_319,person_3838
UO7,work_819,person_319,person_3838
UO7,work_6900,person_3008,person_3923
UO7,work_3547,person_1423,person_3881
UO70,work_4155,person_1634,person_3886
UO70,work_1603,person_447,person_3848
UO70,work_4155,person_1634,person_3886
UO70,work_3547,person_1423,person_3881
UO70,work_1603,person_447,person_3848
UO70,work_487,person_192,person_3832
UO70,work_1163,person_352,person_3841
UO70,work_4135,person_1634,person_3886
UO70,work_4138,person_1634,person_3886
UO70,work_4139,person_1634,person_3886
UO70,work_4140,person_1634,person_3886
UO70,work_4141,person_1634,person_3886
UO70,work_4142,person_1634,person_3886
UO70,work_4155,person_1634,person_3886
UO70,work_4156,person_1634,person_3886
UO70,work_3858,person_1517,person_3883
UO70,work_826,person_319,person_3838
UO72,work_4155,person_1634,person_3886
UO72,work_4155,person_1634,person_3886
UO75,work_212,person_95,person_3826
UO8,work_1150,person_352,person_3841
UO80,work_3840,person_1517,person_3883
UO80,work_826,person_319,person_3838
UO81,work_4155,person_1634,person_3886
UO82,work_4155,person_1634,person_3886
UO83,work_4155,person_1634,person_3886
UO9,work_4247,person_1670,person_3888
Z1,work_4197,person_1652,person_3887
Z14,work_871,person_345,person_3840
Z14,work_8137,person_3744,person_3944
Z14,work_8138,person_3744,person_3944
Z14,work_7740,person_3484,person_3940
Z14,work_3843,person_1517,person_3883
Z14,work_1845,person_549,person_3854
Z14,work_1603,person_447,person_3848
Z14,work_6774,person_2973,person_3922
Z14,work_1603,person_447,person_3848
Z14,work_3823,person_1517,person_3883
Z14,work_1157,person_352,person_3841
Z14,work_3851,person_1517,person_3883
Z14,work_1157,person_352,person_3841
Z14,work_1163,person_352,person_3841
Z14,work_1150,person_352,person_3841
Z14,work_6774,person_2973,person_3922
Z14,work_7639,person_3433,person_3937
Z14,work_8137,person_3744,person_3944
Z14,work_1603,person_447,person_3848
Z14,work_625,person_241,person_3836
Z14,work_1603,person_447,person_3848
Z14,work_1606,person_447,person_3848
Z14,work_1610,person_447,person_3848
Z14,work_1603,person_447,person_3848
Z14,work_3846,person_1517,person_3883
Z14,work_871,person_345,person_3840
Z14,work_1488,person_426,person_3847
Z14,work_7639,person_3433,person_3937
Z14,work_3544,person_1423,person_3881
Z14,work_4826,person_1947,person_3894
Z14,work_5286,person_2248,person_3900
Z14,work_3544,person_1423,person_3881
Z14,work_625,person_241,person_3836
Z14,work_1593,person_447,person_3848
Z14,work_1596,person_447,person_3848
Z14,work_1150,person_352,person_3841
Z14,work_1163,person_352,person_3841
Z15,work_1977,person_615,person_3855
Z19,work_1163,person_352,person_3841
Z19,work_1485,person_426,person_3847
Z19,work_1139,person_352,person_3841
Z19,work_3546,person_1423,person_3881
Z19,work_4819,person_1947,person_3894
Z19,work_1978,person_615,person_3855
Z19,work_3826,person_1517,person_3883
Z19,work_3827,person_1517,person_3883
Z19,work_3832,person_1517,person_3883
Z19,work_3849,person_1517,person_3883
Z19,work_3861,person_1517,person_3883
Z19,work_3865,person_1517,person_3883
Z19,work_7041,person_3093,person_3925
Z19,work_1154,person_352,person_3841
Z2,work_1605,person_447,person_3848
Z7,work_1139,person_352,person_3841
Z7,work_1607,person_447,person_3848
Z7,work_1127,person_352,person_3841
